ciudad,estado
AGUASCALIENTES,AGUASCALIENTES
ASIENTOS,AGUASCALIENTES
CALVILLO,AGUASCALIENTES
COSIO,AGUASCALIENTES
"JESUS MARIA",AGUASCALIENTES
"PABELLON DE ARTEAGA",AGUASCALIENTES
"RINCON DE ROMOS",AGUASCALIENTES
"SAN JOSE DE GRACIA",AGUASCALIENTES
"SAN FRANCISCO DE LOS ROMOS",AGUASCALIENTES
"EL LLANO",AGUASCALIENTES
ENSENADA,"BAJA CALIFORNIA"
MEXICALI,"BAJA CALIFORNIA"
TECATE,"BAJA CALIFORNIA"
TIJUANA,"BAJA CALIFORNIA"
ROSARITO,"BAJA CALIFORNIA"
"SAN QUINTIN","BAJA CALIFORNIA"
"EL VIZACAINO","BAJA CALIFORNIA"
"LOS CABOS","BAJA CALIFORNIA SUR"
COMONDU,"BAJA CALIFORNIA SUR"
MULEGE,"BAJA CALIFORNIA SUR"
"LA PAZ","BAJA CALIFORNIA SUR"
"CIUDAD CONSTITUCION","BAJA CALIFORNIA SUR"
"SANTA ROSALIA","BAJA CALIFORNIA SUR"
LORETO,"BAJA CALIFORNIA SUR"
"GUERRERO NEGRO","BAJA CALIFORNIA SUR"
CALKINI,CAMPECHE
CAMPECHE,CAMPECHE
CARMEN,CAMPECHE
CHAMPOTON,CAMPECHE
ESCARCEGA,CAMPECHE
HECELCHAKAN,CAMPECHE
HOPELCHEN,CAMPECHE
PALIZADA,CAMPECHE
TENABO,CAMPECHE
AHUMADA,CHIHUAHUA
ALDAMA,CHIHUAHUA
ALLENDE,CHIHUAHUA
"AQUILES SERDAN",CHIHUAHUA
ASCENSION,CHIHUAHUA
BACHINIVA,CHIHUAHUA
BALLEZA,CHIHUAHUA
BATOPILAS,CHIHUAHUA
BOCOYNA,CHIHUAHUA
BUENAVENTURA,CHIHUAHUA
CAMARGO,CHIHUAHUA
CARICHI,CHIHUAHUA
"CASAS GRANDES",CHIHUAHUA
CHIHUAHUA,CHIHUAHUA
CHINIPAS,CHIHUAHUA
CORONADO,CHIHUAHUA
COYAME,CHIHUAHUA
"LA CRUZ",CHIHUAHUA
CUAUHTEMOC,CHIHUAHUA
CUSIHUIRIACHI,CHIHUAHUA
DELICIAS,CHIHUAHUA
"DOCTOR BELISARIO DOMINGUEZ",CHIHUAHUA
GALEANA,CHIHUAHUA
"GENERAL TRIAS",CHIHUAHUA
"GOMEZ FARIAS",CHIHUAHUA
"GRAN MORELOS",CHIHUAHUA
GUACHOCHI,CHIHUAHUA
GUADALUPE,CHIHUAHUA
"GUADALUPE Y CALVO",CHIHUAHUA
GUAZAPARES,CHIHUAHUA
GUERRERO,CHIHUAHUA
"HIDALGO DEL PARRAL",CHIHUAHUA
HUEJOTITAN,CHIHUAHUA
"IGNACIO ZARAGOZA",CHIHUAHUA
JANOS,CHIHUAHUA
JIMENEZ,CHIHUAHUA
JUAREZ,CHIHUAHUA
JULIMES,CHIHUAHUA
LOPEZ,CHIHUAHUA
MADERA,CHIHUAHUA
MAGUARICHI,CHIHUAHUA
"MANUEL BENAVIDES",CHIHUAHUA
MATACHI,CHIHUAHUA
MATAMOROS,CHIHUAHUA
MEOQUI,CHIHUAHUA
MORELOS,CHIHUAHUA
MORIS,CHIHUAHUA
NAMIQUIPA,CHIHUAHUA
NONOAVA,CHIHUAHUA
"NUEVO CASAS GRANDES",CHIHUAHUA
OCAMPO,CHIHUAHUA
OJINAGA,CHIHUAHUA
"PRAXEDIS G. GUERRERO",CHIHUAHUA
"RIVA PALACIO",CHIHUAHUA
ROSALES,CHIHUAHUA
ROSARIO,CHIHUAHUA
"SAN FRANCISCO DE BORJA",CHIHUAHUA
"SAN FRANCISCO DE CONCHOS",CHIHUAHUA
"SAN FRANCISCO DEL ORO",CHIHUAHUA
"SANTA BARBARA",CHIHUAHUA
SATEVO,CHIHUAHUA
SAUCILLO,CHIHUAHUA
TEMOSACHI,CHIHUAHUA
"EL TULE",CHIHUAHUA
URIQUE,CHIHUAHUA
URUACHI,CHIHUAHUA
"VALLE DE ZARAGOZA",CHIHUAHUA
"FRANCISCO PORTILLO",CHIHUAHUA
ACACOYAGUA,CHIAPAS
ACALA,CHIAPAS
ACAPETAHUA,CHIAPAS
ALTAMIRANO,CHIAPAS
AMATAN,CHIAPAS
"AMATENANGO DE LA FRONTERA",CHIAPAS
"AMATENANGO DEL VALLE",CHIAPAS
"ANGEL ALBINO CORZO",CHIAPAS
ARRIAGA,CHIAPAS
"BEJUCAL DE OCAMPO",CHIAPAS
"BELLA VISTA",CHIAPAS
BERRIOZABAL,CHIAPAS
BOCHIL,CHIAPAS
"EL BOSQUE",CHIAPAS
CACAHOATAN,CHIAPAS
CATAZAJA,CHIAPAS
CHALCHIHUITAN,CHIAPAS
CHAMULA,CHIAPAS
CHANAL,CHIAPAS
CHAPULTENANGO,CHIAPAS
CHENALHO,CHIAPAS
"CHIAPA DE CORZO",CHIAPAS
CHIAPILLA,CHIAPAS
CHICOASEN,CHIAPAS
CHICOMUSELO,CHIAPAS
CHILON,CHIAPAS
CINTALAPA,CHIAPAS
COAPILLA,CHIAPAS
"COMITAN DE DOMINGUEZ",CHIAPAS
"LA CONCORDIA",CHIAPAS
COPAINALA,CHIAPAS
ESCUINTLA,CHIAPAS
"FRANCISCO LEON",CHIAPAS
"FRONTERA COMALAPA",CHIAPAS
"FRONTERA HIDALGO",CHIAPAS
"LA GRANDEZA",CHIAPAS
HUEHUETAN,CHIAPAS
HUITIUPAN,CHIAPAS
HUIXTAN,CHIAPAS
HUIXTLA,CHIAPAS
"LA INDEPENDENCIA",CHIAPAS
IXHUATAN,CHIAPAS
IXTACOMITAN,CHIAPAS
IXTAPA,CHIAPAS
IXTAPANGAJOYA,CHIAPAS
JIQUIPILAS,CHIAPAS
JITOTOL,CHIAPAS
JUAREZ,CHIAPAS
LARRAINZAR,CHIAPAS
"LA LIBERTAD",CHIAPAS
MAPASTEPEC,CHIAPAS
"LAS MARGARITAS",CHIAPAS
"MAZAPA DE MADERO",CHIAPAS
MAZATAN,CHIAPAS
METAPA,CHIAPAS
MITONTIC,CHIAPAS
MOTOZINTLA,CHIAPAS
"NICOLAS RUIZ",CHIAPAS
OCOSINGO,CHIAPAS
OCOTEPEC,CHIAPAS
"OCOZOCOAUTLA DE ESPINOSA",CHIAPAS
OSTUACAN,CHIAPAS
OSUMACINTA,CHIAPAS
OXCHUC,CHIAPAS
PALENQUE,CHIAPAS
PANTELHO,CHIAPAS
PANTEPEC,CHIAPAS
PICHUCALCO,CHIAPAS
PIJIJIAPAN,CHIAPAS
"EL PORVENIR",CHIAPAS
"PUEBLO NUEVO SOLISTAHUACAN",CHIAPAS
RAYON,CHIAPAS
REFORMA,CHIAPAS
"LAS ROSAS",CHIAPAS
SABANILLA,CHIAPAS
"SALTO DE AGUA",CHIAPAS
"SAN CRISTOBAL DE LAS CASAS",CHIAPAS
"SAN FERNANDO",CHIAPAS
"SAN JUAN CANCUC",CHIAPAS
"SAN LUCAS",CHIAPAS
SILTEPEC,CHIAPAS
SIMOJOVEL,CHIAPAS
SITALA,CHIAPAS
SOCOLTENANGO,CHIAPAS
SOLOSUCHIAPA,CHIAPAS
SOYALO,CHIAPAS
SUCHIAPA,CHIAPAS
SUCHIATE,CHIAPAS
SUNUAPA,CHIAPAS
TAPACHULA,CHIAPAS
TAPALAPA,CHIAPAS
TAPILULA,CHIAPAS
TECPATAN,CHIAPAS
TENEJAPA,CHIAPAS
TEOPISCA,CHIAPAS
TILA,CHIAPAS
TONALA,CHIAPAS
TOTOLAPA,CHIAPAS
"LA TRINITARIA",CHIAPAS
TUMBALA,CHIAPAS
"TUXTLA CHICO",CHIAPAS
"TUXTLA GUTIERREZ",CHIAPAS
TUZANTAN,CHIAPAS
TZIMOL,CHIAPAS
"UNION JUAREZ",CHIAPAS
"VENUSTIANO CARRANZA",CHIAPAS
"VILLA COMALTITLAN",CHIAPAS
"VILLA CORZO",CHIAPAS
VILLAFLORES,CHIAPAS
YAJALON,CHIAPAS
ZINACANTAN,CHIAPAS
ABASOLO,COAHUILA
ACUNA,COAHUILA
AGUJITA,COAHUILA
ALLENDE,COAHUILA
ARTEAGA,COAHUILA
CANDELA,COAHUILA
CASTANOS,COAHUILA
CLOETE,COAHUILA
CUATROCIENEGAS,COAHUILA
ESCOBEDO,COAHUILA
"FRANCISCO I MADERO",COAHUILA
FRONTERA,COAHUILA
"GENERAL CEPEDA",COAHUILA
GUERRERO,COAHUILA
HIDALGO,COAHUILA
JIMENEZ,COAHUILA
JUAREZ,COAHUILA
LAMADRID,COAHUILA
MATAMOROS,COAHUILA
"MINAS DE BARROTERAN",COAHUILA
MONCLOVA,COAHUILA
MORELOS,COAHUILA
MUZQUIZ,COAHUILA
NADADORES,COAHUILA
NAVA,COAHUILA
"NUEVA ROSITA",COAHUILA
OCAMPO,COAHUILA
PALAU,COAHUILA
PARRAS,COAHUILA
"PIEDRAS NEGRAS",COAHUILA
PROGRESO,COAHUILA
"RAMOS ARIZPE",COAHUILA
SABINAS,COAHUILA
SACRAMENTO,COAHUILA
SALTILLO,COAHUILA
"SAN BUENAVENTURA",COAHUILA
"SAN JUAN DE SABINAS",COAHUILA
"SAN PEDRO",COAHUILA
"SIERRA MOJADA",COAHUILA
TORREON,COAHUILA
VIESCA,COAHUILA
"VILLA UNION",COAHUILA
ZARAGOZA,COAHUILA
ARMERIA,COLIMA
COLIMA,COLIMA
COMALA,COLIMA
COQUIMATLAN,COLIMA
CUAUHTEMOC,COLIMA
IXTLAHUACAN,COLIMA
MANZANILLO,COLIMA
MINATITLAN,COLIMA
TECOMAN,COLIMA
"VILLA DE ALVAREZ",COLIMA
"ALVARO OBREGON","DISTRITO FEDERAL"
AZCAPOTZALCO,"DISTRITO FEDERAL"
"BENITO JUAREZ","DISTRITO FEDERAL"
COYOACAN,"DISTRITO FEDERAL"
"CUAJIMALPA DE MORELOS","DISTRITO FEDERAL"
CUAUHTEMOC,"DISTRITO FEDERAL"
"GUSTAVO A. MADERO","DISTRITO FEDERAL"
IZTACALCO,"DISTRITO FEDERAL"
IZTAPALAPA,"DISTRITO FEDERAL"
"LA MAGDALENA CONTRERAS","DISTRITO FEDERAL"
MEXICO,"DISTRITO FEDERAL"
"MIGUEL HIDALGO","DISTRITO FEDERAL"
"MILPA ALTA","DISTRITO FEDERAL"
TLAHUAC,"DISTRITO FEDERAL"
TLALPAN,"DISTRITO FEDERAL"
"VENUSTIANO CARRANZA","DISTRITO FEDERAL"
XOCHIMILCO,"DISTRITO FEDERAL"
CANATLAN,DURANGO
CANELAS,DURANGO
"CONETO DE COMONFORT",DURANGO
CUENCAME,DURANGO
DURANGO,DURANGO
"GENERAL SIMON BOLIVAR",DURANGO
"GOMEZ PALACIO",DURANGO
"GUADALUPE VICTORIA",DURANGO
GUANACEVI,DURANGO
HIDALGO,DURANGO
INDE,DURANGO
LERDO,DURANGO
MAPIMI,DURANGO
MEZQUITAL,DURANGO
NAZAS,DURANGO
"NOMBRE DE DIOS",DURANGO
"NUEVO IDEAL",DURANGO
OCAMPO,DURANGO
"EL ORO",DURANGO
OTAEZ,DURANGO
"PANUCO DE CORONADO",DURANGO
"PENON BLANCO",DURANGO
POANAS,DURANGO
"PUEBLO NUEVO",DURANGO
RODEO,DURANGO
"SAN BERNARDO",DURANGO
"SAN DIMAS",DURANGO
"SAN JUAN DE GUADALUPE",DURANGO
"SAN JUAN DEL RIO",DURANGO
"SAN LUIS DEL CORDERO",DURANGO
"SAN PEDRO DEL GALLO",DURANGO
"SANTA CLARA",DURANGO
"SANTIAGO PAPASQUIARO",DURANGO
SUCHIL,DURANGO
TAMAZULA,DURANGO
TEPEHUANES,DURANGO
TLAHUALILO,DURANGO
TOPIA,DURANGO
"VICENTE GUERRERO",DURANGO
"ACAPULCO DE JUAREZ",GUERRERO
AHUACUOTZINGO,GUERRERO
"AJUCHITLAN DEL PROGRESO",GUERRERO
"ALCOZAUCA DE GUERRERO",GUERRERO
ALPOYECA,GUERRERO
APAXTLA,GUERRERO
ARCELIA,GUERRERO
"ATENANGO DEL RIO",GUERRERO
"ATLAMAJALCINGO DEL MONTE",GUERRERO
ATLIXTAC,GUERRERO
"ATOYAC DE ALVAREZ",GUERRERO
"AYUTLA DE LOS LIBRES",GUERRERO
AZOYU,GUERRERO
"BENITO JUAREZ",GUERRERO
"BUENAVISTA DE CUELLAR",GUERRERO
"CHILAPA DE ALVAREZ",GUERRERO
"CHILPANCINGO DE LOS BRAVO",GUERRERO
"COAHUAYUTLA DE JOSE MARIA IZA",GUERRERO
COCULA,GUERRERO
COPALA,GUERRERO
COPALILLO,GUERRERO
COPANATOYAC,GUERRERO
"COYUCA DE BENITEZ",GUERRERO
"COYUCA DE CATALAN",GUERRERO
CUAJINICUILAPA,GUERRERO
CUALAC,GUERRERO
CUAUTEPEC,GUERRERO
"CUETZALA DEL PROGRESO",GUERRERO
"CUTZAMALA DE PINZON",GUERRERO
"EDUARDO NERI",GUERRERO
"FLORENCIO VILLARREAL",GUERRERO
"GENERAL CANUTO A. NERI",GUERRERO
"GENERAL HELIODORO CASTILLO",GUERRERO
HUAMUXTITLAN,GUERRERO
"HUITZUCO DE LOS FIGUEROA",GUERRERO
"IGUALA DE LA INDEPENDENCIA",GUERRERO
IGUALAPA,GUERRERO
"IXCATEOPAN DE CUAUHTEMOC",GUERRERO
"JOSE AZUETA",GUERRERO
"JUAN R. ESCUDERO",GUERRERO
"LEONARDO BRAVO",GUERRERO
MALINALTEPEC,GUERRERO
"MARTIR DE CUILAPAN",GUERRERO
METLATONOC,GUERRERO
MOCHITLAN,GUERRERO
OLINALA,GUERRERO
OMETEPEC,GUERRERO
"PEDRO ASCENCIO ALQUISIRAS",GUERRERO
PETATLAN,GUERRERO
PILCAYA,GUERRERO
PUNGARABATO,GUERRERO
QUECHULTENANGO,GUERRERO
"SAN LUIS ACATLAN",GUERRERO
"SAN MARCOS",GUERRERO
"SAN MIGUEL TOTOLAPAN",GUERRERO
"TAXCO DE ALARCON",GUERRERO
TECOANAPA,GUERRERO
"TECPAN DE GALEANA",GUERRERO
TELOLOAPAN,GUERRERO
"TEPECOACUILCO DE TRUJANO",GUERRERO
TETIPAC,GUERRERO
"TIERRA COLORADA",GUERRERO
"TIXTLA DE GUERRERO",GUERRERO
TLACOACHISTLAHUACA,GUERRERO
TLACOAPA,GUERRERO
TLALCHAPA,GUERRERO
"TLALIXTAQUILLA DE MALDONADO",GUERRERO
"TLAPA DE COMONFORT",GUERRERO
TLAPEHUALA,GUERRERO
"LA UNION",GUERRERO
XALPATLAHUAC,GUERRERO
XOCHIHUEHUETLAN,GUERRERO
XOCHISTLAHUACA,GUERRERO
"ZAPOTITLAN TABLAS",GUERRERO
ZIRANDARO,GUERRERO
ZITLALA,GUERRERO
ZIHUATANEJO,GUERRERO
"CIUDAD ALTAMIRANO",GUERRERO
ABASOLO,GUANAJUATO
ACAMBARO,GUANAJUATO
"SAN MIGUEL DE ALLENDE",GUANAJUATO
"APASEO EL ALTO",GUANAJUATO
"APASEO EL GRANDE",GUANAJUATO
ATARJEA,GUANAJUATO
CELAYA,GUANAJUATO
COMONFORT,GUANAJUATO
CORONEO,GUANAJUATO
CORTAZAR,GUANAJUATO
CUERAMARO,GUANAJUATO
"DOCTOR MORA",GUANAJUATO
"DOLORES HIDALGO",GUANAJUATO
GUANAJUATO,GUANAJUATO
HUANIMARO,GUANAJUATO
IRAPUATO,GUANAJUATO
"JARAL DEL PROGRESO",GUANAJUATO
JERECUARO,GUANAJUATO
LEON,GUANAJUATO
"MANUEL DOBLADO",GUANAJUATO
MOROLEON,GUANAJUATO
OCAMPO,GUANAJUATO
PENJAMO,GUANAJUATO
"PUEBLO NUEVO",GUANAJUATO
"PURISIMA DEL RINCON",GUANAJUATO
ROMITA,GUANAJUATO
SALAMANCA,GUANAJUATO
SALVATIERRA,GUANAJUATO
"SAN DIEGO DE LA UNION",GUANAJUATO
"SAN FELIPE",GUANAJUATO
"SAN FRANCISCO DEL RINCON",GUANAJUATO
"SAN JOSE ITURBIDE",GUANAJUATO
"SAN LUIS DE LA PAZ",GUANAJUATO
"SANTA CATARINA",GUANAJUATO
"SANTA CRUZ DE JUVENTINO ROSAS",GUANAJUATO
"SANTIAGO MARAVATIO",GUANAJUATO
SILAO,GUANAJUATO
TARANDACUAO,GUANAJUATO
TARIMORO,GUANAJUATO
"TIERRA BLANCA",GUANAJUATO
URIANGATO,GUANAJUATO
"VALLE DE SANTIAGO",GUANAJUATO
VICTORIA,GUANAJUATO
VILLAGRAN,GUANAJUATO
XICHU,GUANAJUATO
YURIRIA,GUANAJUATO
"SANTA ANA TACUECO",GUANAJUATO
ACATLAN,HIDALGO
ACAXOCHITLAN,HIDALGO
ACTOPAN,HIDALGO
"AGUA BLANCA DE ITURBIDE",HIDALGO
AJACUBA,HIDALGO
ALFAJAYUCAN,HIDALGO
ALMOLOYA,HIDALGO
APAN,HIDALGO
"EL ARENAL",HIDALGO
ATITALAQUIA,HIDALGO
ATLAPEXCO,HIDALGO
"ATOTONILCO DE TULA",HIDALGO
"ATOTONILCO EL GRANDE",HIDALGO
CALNALI,HIDALGO
CARDONAL,HIDALGO
CHAPANTONGO,HIDALGO
CHAPULHUACAN,HIDALGO
CHILCUAUTLA,HIDALGO
"CUAUTEPEC DE HINOJOSA",HIDALGO
ELOXOCHITLAN,HIDALGO
"EMILIANO ZAPATA",HIDALGO
EPAZOYUCAN,HIDALGO
"FRANCISCO I. MADERO",HIDALGO
"HUASCA DE OCAMPO",HIDALGO
HUAUTLA,HIDALGO
HUAZALINGO,HIDALGO
HUEHUETLA,HIDALGO
"HUEJUTLA DE REYES",HIDALGO
HUICHAPAN,HIDALGO
IXMIQUILPAN,HIDALGO
"JACALA DE LEDEZMA",HIDALGO
JALTOCAN,HIDALGO
"JUAREZ HIDALGO",HIDALGO
LOLOTLA,HIDALGO
METEPEC,HIDALGO
METZTITLAN,HIDALGO
"MINERAL DE LA REFORMA",HIDALGO
"MINERAL DEL CHICO",HIDALGO
"MINERAL DEL MONTE",HIDALGO
"LA MISION",HIDALGO
"MIXQUIAHUALA DE JUAREZ",HIDALGO
"MOLANGO DE ESCAMILLA",HIDALGO
"NICOLAS FLORES",HIDALGO
"NOPALA DE VILLAGRAN",HIDALGO
"OMITLAN DE JUAREZ",HIDALGO
"PACHUCA DE SOTO",HIDALGO
PACULA,HIDALGO
PISAFLORES,HIDALGO
"PROGRESO DE OBREGON",HIDALGO
"SAN AGUSTIN METZQUITITLAN",HIDALGO
"SAN AGUSTIN TLAXIACA",HIDALGO
"SAN BARTOLO TUTOTEPEC",HIDALGO
"SAN FELIPE ORIZATLAN",HIDALGO
"SAN SALVADOR",HIDALGO
"SANTIAGO DE ANAYA",HIDALGO
"SANTIAGO TULANTEPEC DE LUGO G",HIDALGO
SINGUILUCAN,HIDALGO
TASQUILLO,HIDALGO
TECOZAUTLA,HIDALGO
"TENANGO DE DORIA",HIDALGO
TEPEAPULCO,HIDALGO
"TEPEHUACAN DE GUERRERO",HIDALGO
"TEPEJI DEL RIO DE OCAMPO",HIDALGO
TEPETITLAN,HIDALGO
TETEPANGO,HIDALGO
"TEZONTEPEC DE ALDAMA",HIDALGO
TIANGUISTENGO,HIDALGO
TIZAYUCA,HIDALGO
TLAHUELILPAN,HIDALGO
TLAHUILTEPA,HIDALGO
TLANALAPA,HIDALGO
TLANCHINOL,HIDALGO
TLAXCOAPAN,HIDALGO
TOLCAYUCA,HIDALGO
"TULA DE ALLENDE",HIDALGO
"TULANCINGO DE BRAVO",HIDALGO
"VILLA DE TEZONTEPEC",HIDALGO
XOCHIATIPAN,HIDALGO
XOCHICOATLAN,HIDALGO
YAHUALICA,HIDALGO
"ZACUALTIPAN DE ANGELES",HIDALGO
"ZAPOTLAN DE JUAREZ",HIDALGO
ZEMPOALA,HIDALGO
ZIMAPAN,HIDALGO
"CIUDAD SAHAGUN",HIDALGO
ACATIC,JALISCO
"ACATLAN DE JUAREZ",JALISCO
"AHUALULCO DE MERCADO",JALISCO
AMACUECA,JALISCO
AMATITAN,JALISCO
AMECA,JALISCO
"ANTONIO ESCOBEDO",JALISCO
ARANDAS,JALISCO
ARENAL,JALISCO
"ATEMAJAC DE BRIZUELA",JALISCO
ATENGO,JALISCO
ATENGUILLO,JALISCO
"ATOTONILCO EL ALTO",JALISCO
ATOYAC,JALISCO
"AUTLAN DE NAVARRO",JALISCO
AYOTLAN,JALISCO
AYUTLA,JALISCO
"LA BARCA",JALISCO
"BOLAÐOS",JALISCO
"CABO CORRIENTES",JALISCO
"CAÐADAS DE OBREGON",JALISCO
"CASIMIRO CASTILLO",JALISCO
CHAPALA,JALISCO
CHIMALTITAN,JALISCO
CHIQUILISTLAN,JALISCO
CIHUATLAN,JALISCO
"CIUDAD GUZMAN",JALISCO
"CIUDAD VENUSTIANO CARRANZA",JALISCO
COCULA,JALISCO
COLOTLAN,JALISCO
"CONCEPCION DE BUENOS AIRES",JALISCO
CUAUTITLAN,JALISCO
CUAUTLA,JALISCO
CUQUIO,JALISCO
DEGOLLADO,JALISCO
EJUTLA,JALISCO
"ENCARNACION DE DIAZ",JALISCO
ETZATLAN,JALISCO
"GOMEZ FARIAS",JALISCO
"EL GRULLO",JALISCO
GUACHINANGO,JALISCO
GUADALAJARA,JALISCO
HOSTOTIPAQUILLO,JALISCO
HUEJUCAR,JALISCO
"HUEJUQUILLA EL ALTO",JALISCO
"LA HUERTA",JALISCO
"IXTLAHUACAN DE LOS MEMBRILLOS",JALISCO
"IXTLAHUACAN DEL RIO",JALISCO
JALOSTOTITLAN,JALISCO
JAMAY,JALISCO
"JESUS MARIA",JALISCO
"JILOTLAN DE LOS DOLORES",JALISCO
JOCOTEPEC,JALISCO
JUANACATLAN,JALISCO
JUCHITLAN,JALISCO
"LAGOS DE MORENO",JALISCO
"EL LIMON",JALISCO
MAGDALENA,JALISCO
"MANUEL M. DIEGUEZ",JALISCO
"LA MANZANILLA DE LA PAZ",JALISCO
MASCOTA,JALISCO
MAZAMITLA,JALISCO
MEXTICACAN,JALISCO
MEZQUITIC,JALISCO
MIXTLAN,JALISCO
OCOTLAN,JALISCO
"OJUELOS DE JALISCO",JALISCO
PIHUAMO,JALISCO
PONCITLAN,JALISCO
"PUERTO VALLARTA",JALISCO
QUITUPAN,JALISCO
"EL SALTO",JALISCO
"SAN CRISTOBAL DE LA BARRANCA",JALISCO
"SAN DIEGO DE ALEJANDRIA",JALISCO
"SAN JUAN DE LOS LAGOS",JALISCO
"SAN JULIAN",JALISCO
"SAN MARCOS",JALISCO
"SAN MARTIN DE BOLAÐOS",JALISCO
"SAN MARTIN HIDALGO",JALISCO
"SAN MIGUEL EL ALTO",JALISCO
"SAN SEBASTIAN DEL OESTE",JALISCO
"SANTA MARIA DE LOS ANGELES",JALISCO
SAYULA,JALISCO
TALA,JALISCO
"TALPA DE ALLENDE",JALISCO
"TAMAZULA DE GORDIANO",JALISCO
TAPALPA,JALISCO
TECALITLAN,JALISCO
"TECHALUTA DE MONTENEGRO",JALISCO
TECOLOTLAN,JALISCO
TENAMAXTLAN,JALISCO
TEOCALTICHE,JALISCO
"TEOCUITATLAN DE CORONA",JALISCO
"TEPATITLAN DE MORELOS",JALISCO
TEQUILA,JALISCO
TEUCHITLAN,JALISCO
"TIZAPAN EL ALTO",JALISCO
"TLAJOMULCO DE ZUÐIGA",JALISCO
TLAQUEPAQUE,JALISCO
TOLIMAN,JALISCO
TOMATLAN,JALISCO
TONALA,JALISCO
TONAYA,JALISCO
TONILA,JALISCO
TOTATICHE,JALISCO
TOTOTLAN,JALISCO
TUXCACUESCO,JALISCO
TUXCUECA,JALISCO
TUXPAN,JALISCO
"UNION DE SAN ANTONIO",JALISCO
"UNION DE TULA",JALISCO
"VALLE DE GUADALUPE",JALISCO
"VALLE DE JUAREZ",JALISCO
"VILLA CORONA",JALISCO
"VILLA GUERRERO",JALISCO
"VILLA HIDALGO",JALISCO
"VILLA PURIFICACION",JALISCO
"YAHUALICA DE GONZALEZ GALLO",JALISCO
"ZACOALCO DE TORRES",JALISCO
ZAPOPAN,JALISCO
ZAPOTILTIC,JALISCO
"ZAPOTITLAN DE VADILLO",JALISCO
"ZAPOTLAN DEL REY",JALISCO
ZAPOTLANEJO,JALISCO
ATENQUIQUE,JALISCO
"PUENTE GRANDE",JALISCO
"SAN AGUSTIN",JALISCO
"ATEMAJAC DEL VALLE",JALISCO
"CAPILLA DE GUADALUPE",JALISCO
"SAN JOSE DE LOS REYNOSOS",JALISCO
CHIAUTLAN,JALISCO
AJIJIC,JALISCO
ATEQUIZA,JALISCO
"HUENTITAN EL ALTO",JALISCO
ESTIPAC,JALISCO
"EL PITILLAL",JALISCO
"BARRA DE NAVIDAD",JALISCO
ACAMBAY,MEXICO
ACOLMAN,MEXICO
ACULCO,MEXICO
"ALMOLOYA DE ALQUISIRAS",MEXICO
"ALMOLOYA DE JUAREZ",MEXICO
"ALMOLOYA DEL RIO",MEXICO
AMANALCO,MEXICO
AMATEPEC,MEXICO
AMECAMECA,MEXICO
APAXCO,MEXICO
ATENCO,MEXICO
ATIZAPAN,MEXICO
"ATIZAPAN DE ZARAGOZA",MEXICO
ATLACOMULCO,MEXICO
ATLAUTLA,MEXICO
AXAPUSCO,MEXICO
AYAPANGO,MEXICO
CALIMAYA,MEXICO
CAPULHUAC,MEXICO
CHALCO,MEXICO
"CHAPA DE MOTA",MEXICO
CHAPULTEPEC,MEXICO
CHIAUTLA,MEXICO
CHICOLOAPAN,MEXICO
CHICONCUAC,MEXICO
CHIMALHUACAN,MEXICO
COACALCO,MEXICO
"COATEPEC HARINAS",MEXICO
COCOTITLAN,MEXICO
COYOTEPEC,MEXICO
CUAUTITLAN,MEXICO
"CUAUTITLAN IZCALLI",MEXICO
"DONATO GUERRA",MEXICO
ECATEPEC,MEXICO
ECATZINGO,MEXICO
HUEHUETOCA,MEXICO
HUEYPOXTLA,MEXICO
HUIXQUILUCAN,MEXICO
"ISIDRO FABELA",MEXICO
IXTAPALUCA,MEXICO
"IXTAPAN DE LA SAL",MEXICO
"IXTAPAN DEL ORO",MEXICO
IXTLAHUACA,MEXICO
JALATLACO,MEXICO
JALTENCO,MEXICO
JILOTEPEC,MEXICO
JILOTZINGO,MEXICO
JIQUIPILCO,MEXICO
JOCOTITLAN,MEXICO
JOQUICINGO,MEXICO
JUCHITEPEC,MEXICO
LERMA,MEXICO
MALINALCO,MEXICO
"MELCHOR OCAMPO",MEXICO
METEPEC,MEXICO
MEXICALCINGO,MEXICO
MORELOS,MEXICO
NAUCALPAN,MEXICO
NEXTLALPAN,MEXICO
NEZAHUALCOYOTL,MEXICO
"NICOLAS ROMERO",MEXICO
NOPALTEPEC,MEXICO
OCOYOACAC,MEXICO
OCUILAN,MEXICO
"EL ORO",MEXICO
OTUMBA,MEXICO
OTZOLOAPAN,MEXICO
OTZOLOTEPEC,MEXICO
OZUMBA,MEXICO
PAPALOTLA,MEXICO
"LA PAZ",MEXICO
POLOTITLAN,MEXICO
RAYON,MEXICO
"SAN ANTONIO LA ISLA",MEXICO
"SAN FELIPE DEL PROGRESO",MEXICO
"SAN MARTIN DE LAS PIRAMIDES",MEXICO
"SAN MATEO ATENCO",MEXICO
"SAN SIMON DE GUERRERO",MEXICO
"SANTO TOMAS",MEXICO
"SOYANIQUILPAN DE JUAREZ",MEXICO
SULTEPEC,MEXICO
TECAMAC,MEXICO
TEJUPILCO,MEXICO
TEMAMATLA,MEXICO
TEMASCALAPA,MEXICO
TEMASCALCINGO,MEXICO
TEMASCALTEPEC,MEXICO
TEMOAYA,MEXICO
TENANCINGO,MEXICO
"TENANGO DEL AIRE",MEXICO
"TENANGO DEL VALLE",MEXICO
TEOLOYUCAN,MEXICO
TEOTIHUACAN,MEXICO
TEPETLAOXTOC,MEXICO
TEPETLIXPA,MEXICO
TEPOTZOTLAN,MEXICO
TEQUIXQUIAC,MEXICO
TEXCALTITLAN,MEXICO
TEXCALYACAC,MEXICO
TEXCOCO,MEXICO
TEZOYUCA,MEXICO
TIANGUISTENCO,MEXICO
TIMILPAN,MEXICO
TLALMANALCO,MEXICO
TLALNEPANTLA,MEXICO
TLATLAYA,MEXICO
TOLUCA,MEXICO
TONATICO,MEXICO
TULTEPEC,MEXICO
TULTITLAN,MEXICO
"VALLE DE BRAVO",MEXICO
"VILLA DE ALLENDE",MEXICO
"VILLA DEL CARBON",MEXICO
"VILLA GUERRERO",MEXICO
"VILLA VICTORIA",MEXICO
XALOSTOC,MEXICO
XONACATLAN,MEXICO
ZACAZONAPAN,MEXICO
ZACUALPAN,MEXICO
ZINACANTEPEC,MEXICO
ZUMPAHUACAN,MEXICO
ZUMPANGO,MEXICO
AYOTLA,MEXICO
"SAN FRANCISCO CHIMALPA",MEXICO
CALIXTLAHUACA,MEXICO
ACUITZIO,MICHOACAN
AGUILILLA,MICHOACAN
"ALVARO OBREGON",MICHOACAN
ANGAMACUTIRO,MICHOACAN
ANGANGUEO,MICHOACAN
APATZINGAN,MICHOACAN
APORO,MICHOACAN
AQUILA,MICHOACAN
ARIO,MICHOACAN
ARTEAGA,MICHOACAN
"BRISEÐAS",MICHOACAN
BUENAVISTA,MICHOACAN
CARACUARO,MICHOACAN
CHARAPAN,MICHOACAN
CHARO,MICHOACAN
CHAVINDA,MICHOACAN
CHERAN,MICHOACAN
CHILCHOTA,MICHOACAN
CHINICUILA,MICHOACAN
CHUCANDIRO,MICHOACAN
CHURINTZIO,MICHOACAN
CHURUMUCO,MICHOACAN
COAHUAYANA,MICHOACAN
"COALCOMAN DE VAZQUEZ PALLARES",MICHOACAN
COENEO,MICHOACAN
"COJUMATLAN DE REGULES",MICHOACAN
CONTEPEC,MICHOACAN
COPANDARO,MICHOACAN
COTIJA,MICHOACAN
CUITZEO,MICHOACAN
ECUANDUREO,MICHOACAN
"EPITACIO HUERTA",MICHOACAN
ERONGARICUARO,MICHOACAN
"GABRIEL ZAMORA",MICHOACAN
HIDALGO,MICHOACAN
"LA HUACANA",MICHOACAN
HUANDACAREO,MICHOACAN
HUANIQUEO,MICHOACAN
HUETAMO,MICHOACAN
HUIRAMBA,MICHOACAN
INDAPARAPEO,MICHOACAN
IRIMBO,MICHOACAN
IXTLAN,MICHOACAN
JACONA,MICHOACAN
JIMENEZ,MICHOACAN
JIQUILPAN,MICHOACAN
"JOSE SIXTO VERDUZCO",MICHOACAN
JUAREZ,MICHOACAN
JUNGAPEO,MICHOACAN
LAGUNILLAS,MICHOACAN
"LAZARO CARDENAS",MICHOACAN
MADERO,MICHOACAN
MARAVATIO,MICHOACAN
"MARCOS CASTELLANOS",MICHOACAN
MORELIA,MICHOACAN
MORELOS,MICHOACAN
MUGICA,MICHOACAN
NAHUATZEN,MICHOACAN
NOCUPETARO,MICHOACAN
"NUEVO PARANGARICUTIRO",MICHOACAN
"NUEVO URECHO",MICHOACAN
NUMARAN,MICHOACAN
OCAMPO,MICHOACAN
PAJACUARAN,MICHOACAN
PANINDICUARO,MICHOACAN
PARACHO,MICHOACAN
PARACUARO,MICHOACAN
PATZCUARO,MICHOACAN
PENJAMILLO,MICHOACAN
PERIBAN,MICHOACAN
"LA PIEDAD",MICHOACAN
PUREPERO,MICHOACAN
PURUANDIRO,MICHOACAN
QUERENDARO,MICHOACAN
QUIROGA,MICHOACAN
"LOS REYES",MICHOACAN
SAHUAYO,MICHOACAN
"SALVADOR ESCALANTE",MICHOACAN
"SAN LUCAS",MICHOACAN
"SANTA ANA MAYA",MICHOACAN
SENGUIO,MICHOACAN
SUSUPUATO,MICHOACAN
TACAMBARO,MICHOACAN
TANCITARO,MICHOACAN
TANGAMANDAPIO,MICHOACAN
TANGANCICUARO,MICHOACAN
TANHUATO,MICHOACAN
TARETAN,MICHOACAN
TARIMBARO,MICHOACAN
TEPALCATEPEC,MICHOACAN
TINGAMBATO,MICHOACAN
TINGUINDIN,MICHOACAN
"TIQUICHEO DE NICOLAS ROMERO",MICHOACAN
TLALPUJAHUA,MICHOACAN
TLAZAZALCA,MICHOACAN
TOCUMBO,MICHOACAN
TUMBISCATIO,MICHOACAN
TURICATO,MICHOACAN
TUXPAN,MICHOACAN
TUZANTLA,MICHOACAN
TZINTZUNTZAN,MICHOACAN
TZITZIO,MICHOACAN
URUAPAN,MICHOACAN
"VENUSTIANO CARRANZA",MICHOACAN
VILLAMAR,MICHOACAN
"VISTA HERMOSA",MICHOACAN
YURECUARO,MICHOACAN
ZACAPU,MICHOACAN
ZAMORA,MICHOACAN
ZINAPARO,MICHOACAN
ZINAPECUARO,MICHOACAN
ZIRACUARETIRO,MICHOACAN
ZITACUARO,MICHOACAN
OPOPEO,MICHOACAN
JARIPEO,MICHOACAN
"PASTOR ORTIZ",MICHOACAN
"NUEVA ITALIA",MICHOACAN
AMACUZAC,MORELOS
ATLATLAHUCAN,MORELOS
AXOCHIAPAN,MORELOS
AYALA,MORELOS
"COATLAN DEL RIO",MORELOS
CUAUTLA,MORELOS
CUERNAVACA,MORELOS
"EMILIANO ZAPATA",MORELOS
HUITZILAC,MORELOS
JANTETELCO,MORELOS
JIUTEPEC,MORELOS
JOJUTLA,MORELOS
JONACATEPEC,MORELOS
MAZATEPEC,MORELOS
MIACATLAN,MORELOS
OCUITUCO,MORELOS
"PUENTE DE IXTLA",MORELOS
TEHUIXTLA,MORELOS
TEMIXCO,MORELOS
TEMOAC,MORELOS
TEPALCINGO,MORELOS
TEPOZTLAN,MORELOS
TETECALA,MORELOS
"TETELA DEL VOLCAN",MORELOS
TLALNEPANTLA,MORELOS
TLALTIZAPAN,MORELOS
TLAQUILTENANGO,MORELOS
TLAYACAPAN,MORELOS
TOTOLAPAN,MORELOS
XOCHITEPEC,MORELOS
YAUTEPEC,MORELOS
YECAPIXTLA,MORELOS
ZACATEPEC,MORELOS
ZACUALPAN,MORELOS
ACAPONETA,NAYARIT
AHUACATLAN,NAYARIT
"AMATLAN DE CAÐAS",NAYARIT
"BAHIA DE BANDERAS",NAYARIT
COMPOSTELA,NAYARIT
HUAJICORI,NAYARIT
"IXTLAN DEL RIO",NAYARIT
JALA,NAYARIT
"EL NAYAR",NAYARIT
ROSAMORADA,NAYARIT
RUIZ,NAYARIT
"SAN BLAS",NAYARIT
"SAN PEDRO LAGUNILLAS",NAYARIT
"SANTA MARIA DEL ORO",NAYARIT
"SANTIAGO IXCUINTLA",NAYARIT
TECUALA,NAYARIT
TEPIC,NAYARIT
TUXPAN,NAYARIT
XALISCO,NAYARIT
"LA YESCA",NAYARIT
"RINCON DE GUAYABITOS",NAYARIT
BUCERIAS,NAYARIT
"NUEVO VALLARTA",NAYARIT
"SAN JUAN DE ABAJO",NAYARIT
ABASOLO,"NUEVO LEON"
AGUALEGUAS,"NUEVO LEON"
"LOS ALDAMAS","NUEVO LEON"
ALLENDE,"NUEVO LEON"
ANAHUAC,"NUEVO LEON"
APODACA,"NUEVO LEON"
ARAMBERRI,"NUEVO LEON"
BUSTAMANTE,"NUEVO LEON"
"CADEREYTA JIMENEZ","NUEVO LEON"
CARMEN,"NUEVO LEON"
"EL CERCADO","NUEVO LEON"
CERRALVO,"NUEVO LEON"
CHINA,"NUEVO LEON"
"CIENEGA DE FLORES","NUEVO LEON"
"DOCTOR ARROYO","NUEVO LEON"
"DOCTOR COSS","NUEVO LEON"
"DOCTOR GONZALEZ","NUEVO LEON"
GALEANA,"NUEVO LEON"
GARCIA,"NUEVO LEON"
"GENERAL BRAVO","NUEVO LEON"
"GENERAL ESCOBEDO","NUEVO LEON"
"GENERAL TERAN","NUEVO LEON"
"GENERAL TREVINO","NUEVO LEON"
"GENERAL ZARAGOZA","NUEVO LEON"
"GENERAL ZUAZUA","NUEVO LEON"
GUADALUPE,"NUEVO LEON"
"LOS HERRERAS","NUEVO LEON"
HIDALGO,"NUEVO LEON"
HIGUERAS,"NUEVO LEON"
HUALAHUISES,"NUEVO LEON"
ITURBIDE,"NUEVO LEON"
JUAREZ,"NUEVO LEON"
"LAMPAZOS DE NARANJO","NUEVO LEON"
LINARES,"NUEVO LEON"
MARIN,"NUEVO LEON"
"MELCHOR OCAMPO","NUEVO LEON"
"MIER Y NORIEGA","NUEVO LEON"
MINA,"NUEVO LEON"
MONTEMORELOS,"NUEVO LEON"
MONTERREY,"NUEVO LEON"
PARAS,"NUEVO LEON"
PESQUERIA,"NUEVO LEON"
"LOS RAMONES","NUEVO LEON"
RAYONES,"NUEVO LEON"
"SABINAS HIDALGO","NUEVO LEON"
"SALINAS VICTORIA","NUEVO LEON"
"SAN NICOLAS DE LOS GARZA","NUEVO LEON"
"SAN PEDRO GARZA GARCIA","NUEVO LEON"
"SANTA CATARINA","NUEVO LEON"
SANTIAGO,"NUEVO LEON"
VALLECILLO,"NUEVO LEON"
VILLALDAMA,"NUEVO LEON"
COLOMBIA,"NUEVO LEON"
ABEJONES,OAXACA
"ACATLAN DE PEREZ FIGUEROA",OAXACA
"ANIMAS TRUJANO",OAXACA
"ASUNCION CACALOTEPEC",OAXACA
"ASUNCION CUYOTEPEJI",OAXACA
"ASUNCION IXTALTEPEC",OAXACA
"ASUNCION NOCHIXTLAN",OAXACA
"ASUNCION OCOTLAN",OAXACA
"ASUNCION TLACOLULITA",OAXACA
"AYOQUEZCO DE ALDAMA",OAXACA
AYOTZINTEPEC,OAXACA
"EL BARRIO DE LA SOLEDAD",OAXACA
CALIHUALA,OAXACA
"CANDELARIA LOXICHA",OAXACA
"CAPULALPAM DE MENDEZ",OAXACA
CHAHUITES,OAXACA
"CHALCATONGO DE HIDALGO",OAXACA
"CIENEGA DE ZIMATLAN (LA CIENE",OAXACA
"CIUDAD IXTEPEC",OAXACA
"COATECAS ALTAS",OAXACA
"COICOYAN DE LAS FLORES",OAXACA
"LA COMPA-IA",OAXACA
"CONCEPCION BUENAVISTA",OAXACA
"CONCEPCION PAPALO",OAXACA
"CONSTANCIA DEL ROSARIO",OAXACA
COSOLAPA,OAXACA
COSOLTEPEC,OAXACA
"CUILAPAM DE GUERRERO",OAXACA
"CUYAMECALCO VILLA DE ZARAGOZA",OAXACA
"EJUTLA DE CRESPO",OAXACA
"ELOXOCHITLAN DE FLORES MAGON",OAXACA
"EL ESPINAL",OAXACA
"FRESNILLO DE TRUJANO",OAXACA
"GUADALUPE ETLA",OAXACA
"GUADALUPE RAMIREZ",OAXACA
"GUELATAO DE JUAREZ",OAXACA
"GUEVEA DE HUMBOLDT",OAXACA
"HEROICA CIUDAD DE TLAXIACO",OAXACA
"HUAJUAPAM DE LEON",OAXACA
HUAUTEPEC,OAXACA
"HUAUTLA DE JIMENEZ",OAXACA
"IXPANTEPEC NIEVES",OAXACA
"IXTLAN DE JUAREZ",OAXACA
"JUCHITAN DE ZARAGOZA",OAXACA
"LOMA BONITA",OAXACA
"MAGDALENA APASCO",OAXACA
"MAGDALENA JALTEPEC",OAXACA
"MAGDALENA MIXTEPEC",OAXACA
"MAGDALENA OCOTLAN",OAXACA
"MAGDALENA PEÐASCO",OAXACA
"MAGDALENA TEITIPAC",OAXACA
"MAGDALENA TEQUISISTLAN",OAXACA
"MAGDALENA TLACOTEPEC",OAXACA
"MAGDALENA YODOCONO DE PORFIRI",OAXACA
"MAGDALENA ZAHUATLAN",OAXACA
"MARISCALA DE JUAREZ",OAXACA
"MARTIRES DE TACUBAYA",OAXACA
"MATIAS ROMERO",OAXACA
"MAZATLAN VILLA DE FLORES",OAXACA
"MESONES HIDALGO",OAXACA
"MIAHUATLAN DE PORFIRIO DIAZ",OAXACA
"MIXISTLAN DE LA REFORMA",OAXACA
MONJAS,OAXACA
NATIVIDAD,OAXACA
"NAZARENO ETLA",OAXACA
"NEJAPA DE MADERO",OAXACA
"NUEVO SOYALTEPEC",OAXACA
"NUEVO ZOQUIAPAM",OAXACA
"OAXACA DE JUAREZ",OAXACA
"OCOTLAN DE MORELOS",OAXACA
"LA PERlA",OAXACA
"PINOTEPA DE DON LUIS",OAXACA
"PLUMA HIDALGO",OAXACA
"PUTLA VILLA DE GUERRERO",OAXACA
"LA REFORMA",OAXACA
"REFORMA DE PINEDA",OAXACA
"REYES ETLA",OAXACA
"ROJAS DE CUAUHTEMOC",OAXACA
"SALINA CRUZ",OAXACA
"SAN AGUSTIN AMATENGO",OAXACA
"SAN AGUSTIN ATENANGO",OAXACA
"SAN AGUSTIN CHAYUCO",OAXACA
"SAN AGUSTIN DE LAS JUNTAS",OAXACA
"SAN AGUSTIN ETLA",OAXACA
"SAN AGUSTIN LOXICHA",OAXACA
"SAN AGUSTIN TLACOTEPEC",OAXACA
"SAN AGUSTIN YATARENI",OAXACA
"SAN ANDRES CABECERA NUEVA",OAXACA
"SAN ANDRES DINICUITI",OAXACA
"SAN ANDRES HUAXPALTEPEC",OAXACA
"SAN ANDRES HUAYAPAM",OAXACA
"SAN ANDRES IXTLAHUACA",OAXACA
"SAN ANDRES LAGUNAS",OAXACA
"SAN ANDRES NUXIÐO",OAXACA
"SAN ANDRES PAXTLAN",OAXACA
"SAN ANDRES SINAXTLA",OAXACA
"SAN ANDRES SOLAGA",OAXACA
"SAN ANDRES TEOTILALPAM",OAXACA
"SAN ANDRES TEPETLAPA",OAXACA
"SAN ANDRES YAA",OAXACA
"SAN ANDRES ZABACHE",OAXACA
"SAN ANDRES ZAUTLA",OAXACA
"SAN ANTONINO CASTILLO VELASCO",OAXACA
"SAN ANTONINO EL ALTO",OAXACA
"SAN ANTONINO MONTE VERDE",OAXACA
"SAN ANTONIO ACUTLA",OAXACA
"SAN ANTONIO DE LA CAL",OAXACA
"SAN ANTONIO HUITEPEC",OAXACA
"SAN ANTONIO NANAHUATIPAM",OAXACA
"SAN ANTONIO SINICAHUA",OAXACA
"SAN ANTONIO TEPETLAPA",OAXACA
"SAN BALTAZAR CHICHICAPAM",OAXACA
"SAN BALTAZAR LOXICHA",OAXACA
"SAN BALTAZAR YATZACHI EL BAJO",OAXACA
"SAN BARTOLO COYOTEPEC",OAXACA
"SAN BARTOLO SOYALTEPEC",OAXACA
"SAN BARTOLO YAUTEPEC",OAXACA
"SAN BARTOLOME AYAUTLA",OAXACA
"SAN BARTOLOME LOXICHA",OAXACA
"SAN BARTOLOME QUIALANA",OAXACA
"SAN BARTOLOME YUCUAÐE",OAXACA
"SAN BARTOLOME ZOOGOCHO",OAXACA
"SAN BERNARDO MIXTEPEC",OAXACA
"SAN BLAS ATEMPA",OAXACA
"SAN CARLOS YAUTEPEC",OAXACA
"SAN CRISTOBAL AMATLAN",OAXACA
"SAN CRISTOBAL AMOLTEPEC",OAXACA
"SAN CRISTOBAL LACHIRIOAG",OAXACA
"SAN CRISTOBAL SUCHIXTLAHUACA",OAXACA
"SAN DIONISIO DEL MAR",OAXACA
"SAN DIONISIO OCOTEPEC",OAXACA
"SAN DIONISIO OCOTLAN",OAXACA
"SAN ESTEBAN ATATLAHUCA",OAXACA
"SAN FELIPE JALAPA DE DIAZ",OAXACA
"SAN FELIPE TEJALAPAM",OAXACA
"SAN FELIPE USILA",OAXACA
"SAN FRANCISCO CAHUACUA",OAXACA
"SAN FRANCISCO CAJONOS",OAXACA
"SAN FRANCISCO CHAPULAPA",OAXACA
"SAN FRANCISCO CHINDUA",OAXACA
"SAN FRANCISCO DEL MAR",OAXACA
"SAN FRANCISCO HUEHUETLAN",OAXACA
"SAN FRANCISCO IXHUATAN",OAXACA
"SAN FRANCISCO JALTEPETONGO",OAXACA
"SAN FRANCISCO LACHIGOLO",OAXACA
"SAN FRANCISCO LOGUECHE",OAXACA
"SAN FRANCISCO NUXAÐO",OAXACA
"SAN FRANCISCO OZOLOTEPEC",OAXACA
"SAN FRANCISCO SOLA",OAXACA
"SAN FRANCISCO TELIXTLAHUACA",OAXACA
"SAN FRANCISCO TEOPAN",OAXACA
"SAN FRANCISCO TLAPANCINGO",OAXACA
"SAN GABRIEL MIXTEPEC",OAXACA
"SAN ILDEFONSO AMATLAN",OAXACA
"SAN ILDEFONSO SOLA",OAXACA
"SAN ILDEFONSO VILLA ALTA",OAXACA
"SAN JACINTO AMILPAS",OAXACA
"SAN JACINTO TLACOTEPEC",OAXACA
"SAN JERONIMO COATLAN",OAXACA
"SAN JERONIMO SILACAYOAPILLA",OAXACA
"SAN JERONIMO SOSOLA",OAXACA
"SAN JERONIMO TAVICHE",OAXACA
"SAN JERONIMO TECOATL",OAXACA
"SAN JERONIMO TLACOCHAHUAYA",OAXACA
"SAN JORGE NUCHITA",OAXACA
"SAN JOSE AYUQUILA",OAXACA
"SAN JOSE CHILTEPEC",OAXACA
"SAN JOSE DEL PEÐASCO",OAXACA
"SAN JOSE DEL PROGRESO",OAXACA
"SAN JOSE ESTANCIA GRANDE",OAXACA
"SAN JOSE INDEPENDENCIA",OAXACA
"SAN JOSE LACHIGUIRI",OAXACA
"SAN JOSE TENANGO",OAXACA
"SAN JUAN ACHIUTLA",OAXACA
"SAN JUAN ATEPEC",OAXACA
"SAN JUAN BAUTISTA ATATLAHUCA",OAXACA
"SAN JUAN BAUTISTA COIXTLAHUAC",OAXACA
"SAN JUAN BAUTISTA CUICATLAN",OAXACA
"SAN JUAN BAUTISTA GUELACHE",OAXACA
"SAN JUAN BAUTISTA JAYACATLAN",OAXACA
"SAN JUAN BAUTISTA LO DE SOTO",OAXACA
"SAN JUAN BAUTISTA SUCHITEPEC",OAXACA
"SAN JUAN BAUTISTA TLACHICHILC",OAXACA
"SAN JUAN BAUTISTA TLACOATZINT",OAXACA
"SAN JUAN BAUTISTA TUXTEPEC",OAXACA
"SAN JUAN BAUTISTA VALLE NACIO",OAXACA
"SAN JUAN CACAHUATEPEC",OAXACA
"SAN JUAN CHICOMEZUCHIL",OAXACA
"SAN JUAN CHILATECA",OAXACA
"SAN JUAN CHIQUIHUITLAN",OAXACA
"SAN JUAN CIENEGUILLA",OAXACA
"SAN JUAN COATZOSPAM",OAXACA
"SAN JUAN COLORADO",OAXACA
"SAN JUAN COMALTEPEC",OAXACA
"SAN JUAN COTZOCON",OAXACA
"SAN JUAN DE LOS CUES",OAXACA
"SAN JUAN DEL ESTADO",OAXACA
"SAN JUAN DEL RIO",OAXACA
"SAN JUAN DIUXI",OAXACA
"SAN JUAN EVANGELISTA ANALCO",OAXACA
"SAN JUAN GUELAVIA",OAXACA
"SAN JUAN GUICHICOVI",OAXACA
"SAN JUAN IHUALTEPEC",OAXACA
"SAN JUAN JUQUILA MIXES",OAXACA
"SAN JUAN JUQUILA VIJANOS",OAXACA
"SAN JUAN LACHAO",OAXACA
"SAN JUAN LACHIGALLA",OAXACA
"SAN JUAN LAJARCIA",OAXACA
"SAN JUAN LALANA",OAXACA
"SAN JUAN MAZATLAN",OAXACA
"SAN JUAN MIXTEPEC -DISTR. 080",OAXACA
"SAN JUAN MIXTEPEC 0 DISTR. 26",OAXACA
"SAN JUAN ÐUMI",OAXACA
"SAN JUAN OZOLOTEPEC",OAXACA
"SAN JUAN PETLAPA",OAXACA
"SAN JUAN QUIAHIJE",OAXACA
"SAN JUAN QUIOTEPEC",OAXACA
"SAN JUAN SAYULTEPEC",OAXACA
"SAN JUAN TABAA",OAXACA
"SAN JUAN TAMAZOLA",OAXACA
"SAN JUAN TEITA",OAXACA
"SAN JUAN TEITIPAC",OAXACA
"SAN JUAN TEPEUXILA",OAXACA
"SAN JUAN TEPOSCOLULA",OAXACA
"SAN JUAN YAE",OAXACA
"SAN JUAN YATZONA",OAXACA
"SAN JUAN YUCUITA",OAXACA
"SAN LORENZO",OAXACA
"SAN LORENZO ALBARRADAS",OAXACA
"SAN LORENZO CACAOTEPEC",OAXACA
"SAN LORENZO CUAUNECUILTITLA",OAXACA
"SAN LORENZO TEXMELUCAN",OAXACA
"SAN LORENZO VICTORIA",OAXACA
"SAN LUCAS CAMOTLAN",OAXACA
"SAN LUCAS OJITLAN",OAXACA
"SAN LUCAS QUIAVINI",OAXACA
"SAN LUCAS ZOQUIAPAM",OAXACA
"SAN LUIS AMATLAN",OAXACA
"SAN MARCIAL OZOLOTEPEC",OAXACA
"SAN MARCOS ARTEAGA",OAXACA
"SAN MARTIN DE LOS CANSECOS",OAXACA
"SAN MARTIN HUAMELULPAM",OAXACA
"SAN MARTIN ITUNYOSO",OAXACA
"SAN MARTIN LACHILA",OAXACA
"SAN MARTIN PERAS",OAXACA
"SAN MARTIN TILCAJETE",OAXACA
"SAN MARTIN TOXPALAN",OAXACA
"SAN MARTIN ZACATEPEC",OAXACA
"SAN MATEO CAJONOS",OAXACA
"SAN MATEO DEL MAR",OAXACA
"SAN MATEO ETLATONGO",OAXACA
"SAN MATEO NEJAPAM",OAXACA
"SAN MATEO PEÐASCO",OAXACA
"SAN MATEO PIÐAS",OAXACA
"SAN MATEO RIO HONDO",OAXACA
"SAN MATEO SINDIHUI",OAXACA
"SAN MATEO TLAPILTEPEC",OAXACA
"SAN MATEO YOLOXOCHITLAN",OAXACA
"SAN MELCHOR BETAZA",OAXACA
"SAN MIGUEL ACHIUTLA",OAXACA
"SAN MIGUEL AHUEHUETITLAN",OAXACA
"SAN MIGUEL ALOAPAM",OAXACA
"SAN MIGUEL AMATITLAN",OAXACA
"SAN MIGUEL AMATLAN",OAXACA
"SAN MIGUEL CHICAHUA",OAXACA
"SAN MIGUEL CHIMALAPA",OAXACA
"SAN MIGUEL COATLAN",OAXACA
"SAN MIGUEL DEL PUERTO",OAXACA
"SAN MIGUEL DEL RIO",OAXACA
"SAN MIGUEL EJUTLA",OAXACA
"SAN MIGUEL EL GRANDE",OAXACA
"SAN MIGUEL HUAUTLA",OAXACA
"SAN MIGUEL MIXTEPEC",OAXACA
"SAN MIGUEL PANIXTLAHUACA",OAXACA
"SAN MIGUEL PERAS",OAXACA
"SAN MIGUEL PIEDRAS",OAXACA
"SAN MIGUEL QUETZALTEPEC",OAXACA
"SAN MIGUEL SANTA FLOR",OAXACA
"SAN MIGUEL SUCHIXTEPEC",OAXACA
"SAN MIGUEL TALEA DE CASTRO",OAXACA
"SAN MIGUEL TECOMATLAN",OAXACA
"SAN MIGUEL TENANGO",OAXACA
"SAN MIGUEL TEQUIXTEPEC",OAXACA
"SAN MIGUEL TILQUIAPAM",OAXACA
"SAN MIGUEL TLACAMAMA",OAXACA
"SAN MIGUEL TLACOTEPEC",OAXACA
"SAN MIGUEL TULANCINGO",OAXACA
"SAN MIGUEL YOTAO",OAXACA
"SAN NICOLAS",OAXACA
"SAN NICOLAS HIDALGO",OAXACA
"SAN PABLO COATLAN",OAXACA
"SAN PABLO CUATRO VENADOS",OAXACA
"SAN PABLO ETLA",OAXACA
"SAN PABLO HUITZO",OAXACA
"SAN PABLO HUIXTEPEC",OAXACA
"SAN PABLO MACUILTIANGUIS",OAXACA
"SAN PABLO TIJALTEPEC",OAXACA
"SAN PABLO VILLA DE MITLA",OAXACA
"SAN PABLO YAGANIZA",OAXACA
"SAN PEDRO AMUZGOS",OAXACA
"SAN PEDRO APOSTOL",OAXACA
"SAN PEDRO ATOYAC",OAXACA
"SAN PEDRO CAJONOS",OAXACA
"SAN PEDRO CANTAROS COXCALTEPE",OAXACA
"SAN PEDRO COMITANCILLO",OAXACA
"SAN PEDRO EL ALTO",OAXACA
"SAN PEDRO HUAMELULA",OAXACA
"SAN PEDRO HUILOTEPEC",OAXACA
"SAN PEDRO IXCATLAN",OAXACA
"SAN PEDRO IXTLAHUACA",OAXACA
"SAN PEDRO JALTEPETONGO",OAXACA
"SAN PEDRO JICAYAN",OAXACA
"SAN PEDRO JOCOTIPAC",OAXACA
"SAN PEDRO JUCHATENGO",OAXACA
"SAN PEDRO MARTIR",OAXACA
"SAN PEDRO MARTIR QUIECHAPA",OAXACA
"SAN PEDRO MARTIR YUCUXACO",OAXACA
"SAN PEDRO MIXTEPEC 0 DISTR. 1",OAXACA
"SAN PEDRO MIXTEPEC 0 DISTR. 2",OAXACA
"SAN PEDRO MOLINOS",OAXACA
"SAN PEDRO NOPALA",OAXACA
"SAN PEDRO OCOPETATILLO",OAXACA
"SAN PEDRO OCOTEPEC",OAXACA
"SAN PEDRO POCHUTLA",OAXACA
"SAN PEDRO QUIATONI",OAXACA
"SAN PEDRO SOCHIAPAM",OAXACA
"SAN PEDRO TAPANATEPEC",OAXACA
"SAN PEDRO TAVICHE",OAXACA
"SAN PEDRO TEOZACOALCO",OAXACA
"SAN PEDRO TEUTILA",OAXACA
"SAN PEDRO TIDAA",OAXACA
"SAN PEDRO TOPILTEPEC",OAXACA
"SAN PEDRO TOTOLAPA",OAXACA
"SAN PEDRO TUTUTEPEC",OAXACA
"SAN PEDRO Y SAN PABLO AYUTLA",OAXACA
"SAN PEDRO Y SAN PABLO TEPOSCO",OAXACA
"SAN PEDRO Y SAN PABLO TEQUIXT",OAXACA
"SAN PEDRO YANERI",OAXACA
"SAN PEDRO YOLOX",OAXACA
"SAN PEDRO YUCUNAMA",OAXACA
"SAN RAYMUNDO JALPAN",OAXACA
"SAN SEBASTIAN ABASOLO",OAXACA
"SAN SEBASTIAN COATLAN",OAXACA
"SAN SEBASTIAN IXCAPA",OAXACA
"SAN SEBASTIAN NICANANDUTA",OAXACA
"SAN SEBASTIAN RIO HONDO",OAXACA
"SAN SEBASTIAN TECOMAXTLAHUACA",OAXACA
"SAN SEBASTIAN TEITIPAC",OAXACA
"SAN SEBASTIAN TUTLA",OAXACA
"SAN SIMON ALMOLONGAS",OAXACA
"SAN SIMON ZAHUATLAN",OAXACA
"SAN VICENTE COATLAN",OAXACA
"SAN VICENTE LACHIXIO",OAXACA
"SAN VICENTE NUÐU",OAXACA
"SANTA ANA",OAXACA
"SANTA ANA ATEIXTLAHUACA",OAXACA
"SANTA ANA CUAUHTEMOC",OAXACA
"SANTA ANA DEL VALLE",OAXACA
"SANTA ANA TAVELA",OAXACA
"SANTA ANA TLAPACOYAN",OAXACA
"SANTA ANA YARENI",OAXACA
"SANTA ANA ZEGACHE",OAXACA
"SANTA CATALINA QUIERI",OAXACA
"SANTA CATARINA CUIXTLA",OAXACA
"SANTA CATARINA IXTEPEJI",OAXACA
"SANTA CATARINA JUQUILA",OAXACA
"SANTA CATARINA LACHATAO",OAXACA
"SANTA CATARINA LOXICHA",OAXACA
"SANTA CATARINA MECHOACAN",OAXACA
"SANTA CATARINA MINAS",OAXACA
"SANTA CATARINA QUIANE",OAXACA
"SANTA CATARINA QUIOQUITANI",OAXACA
"SANTA CATARINA TAYATA",OAXACA
"SANTA CATARINA TICUA",OAXACA
"SANTA CATARINA YOSONOTU",OAXACA
"SANTA CATARINA ZAPOQUILA",OAXACA
"SANTA CRUZ ACATEPEC",OAXACA
"SANTA CRUZ AMILPAS",OAXACA
"SANTA CRUZ DE BRAVO",OAXACA
"SANTA CRUZ ITUNDUJIA",OAXACA
"SANTA CRUZ MIXTEPEC",OAXACA
"SANTA CRUZ NUNDACO",OAXACA
"SANTA CRUZ PAPALUTLA",OAXACA
"SANTA CRUZ TACACHE DE MINA",OAXACA
"SANTA CRUZ TACAHUA",OAXACA
"SANTA CRUZ TAYATA",OAXACA
"SANTA CRUZ XITLA",OAXACA
"SANTA CRUZ XOXOCOTLAN",OAXACA
"SANTA CRUZ ZENZONTEPEC",OAXACA
"SANTA GERTRUDIS",OAXACA
"SANTA INES DE ZARAGOZA",OAXACA
"SANTA INES DEL MONTE",OAXACA
"SANTA INES YATZECHE",OAXACA
"SANTA LUCIA DEL CAMINO",OAXACA
"SANTA LUCIA MIAHUATLAN",OAXACA
"SANTA LUCIA MONTEVERDE",OAXACA
"SANTA LUCIA OCOTLAN",OAXACA
"SANTA MAGDALENA JICOTLAN",OAXACA
"SANTA MARIA ALOTEPEC",OAXACA
"SANTA MARIA APAZCO",OAXACA
"SANTA MARIA ATZOMPA",OAXACA
"SANTA MARIA CAMOTLAN",OAXACA
"SANTA MARIA CHACHOAPAM",OAXACA
"SANTA MARIA CHILAPA DE DIAZ",OAXACA
"SANTA MARIA CHILCHOTLA",OAXACA
"SANTA MARIA CHIMALAPA",OAXACA
"SANTA MARIA COLOTEPEC",OAXACA
"SANTA MARIA CORTIJO",OAXACA
"SANTA MARIA COYOTEPEC",OAXACA
"SANTA MARIA DEL ROSARIO",OAXACA
"SANTA MARIA DEL TULE",OAXACA
"SANTA MARIA ECATEPEC",OAXACA
"SANTA MARIA GUELACE",OAXACA
"SANTA MARIA GUIENAGATI",OAXACA
"SANTA MARIA HUATULCO",OAXACA
"SANTA MARIA HUAZOLOTITLAN",OAXACA
"SANTA MARIA IPALAPA",OAXACA
"SANTA MARIA IXCATLAN",OAXACA
"SANTA MARIA JACATEPEC",OAXACA
"SANTA MARIA JALAPA DEL MARQUE",OAXACA
"SANTA MARIA JALTIANGUIS",OAXACA
"SANTA MARIA LA ASUNCION",OAXACA
"SANTA MARIA LACHIXIO",OAXACA
"SANTA MARIA MIXTEQUILLA",OAXACA
"SANTA MARIA NATIVITAS",OAXACA
"SANTA MARIA NDUAYACO",OAXACA
"SANTA MARIA OZOLOTEPEC",OAXACA
"SANTA MARIA PAPALO",OAXACA
"SANTA MARIA PEÐOLES",OAXACA
"SANTA MARIA PETAPA",OAXACA
"SANTA MARIA QUIEGOLANI",OAXACA
"SANTA MARIA SOLA",OAXACA
"SANTA MARIA TATALTEPEC",OAXACA
"SANTA MARIA TECOMAVACA",OAXACA
"SANTA MARIA TEMAXCALAPA",OAXACA
"SANTA MARIA TEMAXCALTEPEC",OAXACA
"SANTA MARIA TEOPOXCO",OAXACA
"SANTA MARIA TEPANTLALI",OAXACA
"SANTA MARIA TEXCATITLAN",OAXACA
"SANTA MARIA TLAHUITOLTEPEC",OAXACA
"SANTA MARIA TLALIXTAC",OAXACA
"SANTA MARIA TONAMECA",OAXACA
"SANTA MARIA TOTOLAPILLA",OAXACA
"SANTA MARIA XADANI",OAXACA
"SANTA MARIA YALINA",OAXACA
"SANTA MARIA YAVESIA",OAXACA
"SANTA MARIA YOLOTEPEC",OAXACA
"SANTA MARIA YOSOYUA",OAXACA
"SANTA MARIA YUCUHITI",OAXACA
"SANTA MARIA ZACATEPEC",OAXACA
"SANTA MARIA ZANIZA",OAXACA
"SANTA MARIA ZOQUITLAN",OAXACA
"SANTIAGO AMOLTEPEC",OAXACA
"SANTIAGO APOALA",OAXACA
"SANTIAGO APOSTOL",OAXACA
"SANTIAGO ASTATA",OAXACA
"SANTIAGO ATITLAN",OAXACA
"SANTIAGO AYUQUILILLA",OAXACA
"SANTIAGO CACALOXTEPEC",OAXACA
"SANTIAGO CAMOTLAN",OAXACA
"SANTIAGO CHAZUMBA",OAXACA
"SANTIAGO CHOAPAM",OAXACA
"SANTIAGO COMALTEPEC",OAXACA
"SANTIAGO DEL RIO",OAXACA
"SANTIAGO HUAJOLOTITLAN",OAXACA
"SANTIAGO HUAUCLILLA",OAXACA
"SANTIAGO IHUITLAN PLUMAS",OAXACA
"SANTIAGO IXCUINTEPEC",OAXACA
"SANTIAGO IXTAYUTLA",OAXACA
"SANTIAGO JAMILTEPEC",OAXACA
"SANTIAGO JOCOTEPEC",OAXACA
"SANTIAGO JUXTLAHUACA",OAXACA
"SANTIAGO LACHIGUIRI",OAXACA
"SANTIAGO LALOPA",OAXACA
"SANTIAGO LAOLLAGA",OAXACA
"SANTIAGO LAXOPA",OAXACA
"SANTIAGO LLANO GRANDE",OAXACA
"SANTIAGO MATATLAN",OAXACA
"SANTIAGO MILTEPEC",OAXACA
"SANTIAGO MINAS",OAXACA
"SANTIAGO NACALTEPEC",OAXACA
"SANTIAGO NEJAPILLA",OAXACA
"SANTIAGO NILTEPEC",OAXACA
"SANTIAGO NUNDICHE",OAXACA
"SANTIAGO NUYOO",OAXACA
"SANTIAGO PINOTEPA NACIONAL",OAXACA
"SANTIAGO SUCHILQUITONGO",OAXACA
"SANTIAGO TAMAZOLA",OAXACA
"SANTIAGO TAPEXTLA",OAXACA
"SANTIAGO TENANGO",OAXACA
"SANTIAGO TEPETLAPA",OAXACA
"SANTIAGO TETEPEC",OAXACA
"SANTIAGO TEXCALCINGO",OAXACA
"SANTIAGO TEXTITLAN",OAXACA
"SANTIAGO TILANTONGO",OAXACA
"SANTIAGO TILLO",OAXACA
"SANTIAGO TLAZOYALTEPEC",OAXACA
"SANTIAGO XANICA",OAXACA
"SANTIAGO XIACUI",OAXACA
"SANTIAGO YAITEPEC",OAXACA
"SANTIAGO YAVEO",OAXACA
"SANTIAGO YOLOMECATL",OAXACA
"SANTIAGO YOSONDUA",OAXACA
"SANTIAGO YUCUYACHI",OAXACA
"SANTIAGO ZACATEPEC",OAXACA
"SANTIAGO ZOOCHILA",OAXACA
"SANTO DOMINGO ALBARRADAS",OAXACA
"SANTO DOMINGO ARMENTA",OAXACA
"SANTO DOMINGO CHIHUITAN",OAXACA
"SANTO DOMINGO DE MORELOS",OAXACA
"SANTO DOMINGO INGENIO",OAXACA
"SANTO DOMINGO IXCATLAN",OAXACA
"SANTO DOMINGO NUXAA",OAXACA
"SANTO DOMINGO OZOLOTEPEC",OAXACA
"SANTO DOMINGO PETAPA",OAXACA
"SANTO DOMINGO ROAYAGA",OAXACA
"SANTO DOMINGO TEHUANTEPEC",OAXACA
"SANTO DOMINGO TEOJOMULCO",OAXACA
"SANTO DOMINGO TEPUXTEPEC",OAXACA
"SANTO DOMINGO TLATAYAPAM",OAXACA
"SANTO DOMINGO TOMALTEPEC",OAXACA
"SANTO DOMINGO TONALA",OAXACA
"SANTO DOMINGO TONALTEPEC",OAXACA
"SANTO DOMINGO XAGACIA",OAXACA
"SANTO DOMINGO YANHUITLAN",OAXACA
"SANTO DOMINGO YODOHINO",OAXACA
"SANTO DOMINGO ZANATEPEC",OAXACA
"SANTO TOMAS JALIEZA",OAXACA
"SANTO TOMAS MAZALTEPEC",OAXACA
"SANTO TOMAS OCOTEPEC",OAXACA
"SANTO TOMAS TAMAZULAPAM",OAXACA
"SANTOS REYES NOPALA",OAXACA
"SANTOS REYES PAPALO",OAXACA
"SANTOS REYES TEPEJILLO",OAXACA
"SANTOS REYES YUCUNA",OAXACA
SILACAYOAPAM,OAXACA
"SITIO DE XITLAPEHUA",OAXACA
"SOLEDAD ETLA",OAXACA
"TAMAZULAPAM DEL ESPIRITU SANT",OAXACA
"TANETZE DE ZARAGOZA",OAXACA
TANICHE,OAXACA
"TATALTEPEC DE VALDES",OAXACA
"TEOCOCUILCO DE MARCOS PEREZ",OAXACA
"TEOTITLAN DE FLORES MAGON",OAXACA
"TEOTITLAN DEL VALLE",OAXACA
TEOTONGO,OAXACA
"TEPELMEME VILLA DE MORELOS",OAXACA
"TEZOATLAN DE SEGURA Y LUNA",OAXACA
"TLACOLULA DE MATAMOROS",OAXACA
"TLACOTEPEC PLUMAS",OAXACA
"TLALIXTAC DE CABRERA",OAXACA
"TOTONTEPEC VILLA DE MORELOS",OAXACA
"LA TRINIDAD VISTA HERMOSA",OAXACA
"TRINIDAD ZAACHILA",OAXACA
"UNION HIDALGO",OAXACA
"VALERIO TRUJANO",OAXACA
"VILLA DE ETLA",OAXACA
"VILLA DE TAMAZULAPAM DEL PROG",OAXACA
"VILLA DE ZAACHILA",OAXACA
"VILLA DIAZ ORDAZ",OAXACA
"VILLA HIDALGO",OAXACA
"VILLA SOLA DE VEGA",OAXACA
"VILLA TEJUPAM DE LA UNION",OAXACA
YAXE,OAXACA
YOGANA,OAXACA
"YUTANDUCHI DE GUERRERO",OAXACA
"ZAPOTITLAN DEL RIO",OAXACA
"ZAPOTITLAN LAGUNAS",OAXACA
"ZAPOTITLAN PALMAS",OAXACA
"ZIMATLAN DE ALVAREZ",OAXACA
ACAJETE,PUEBLA
ACATENO,PUEBLA
ACATLAN,PUEBLA
ACATZINGO,PUEBLA
ACTEOPAN,PUEBLA
AHUACATLAN,PUEBLA
AHUATLAN,PUEBLA
AHUAZOTEPEC,PUEBLA
AHUEHUETITLA,PUEBLA
AJALPAN,PUEBLA
"ALBINO ZERTUCHE",PUEBLA
ALJOJUCA,PUEBLA
ALTEPEXI,PUEBLA
AMIXTLAN,PUEBLA
AMOZOC,PUEBLA
AQUIXTLA,PUEBLA
ATEMPAN,PUEBLA
ATEXCAL,PUEBLA
ATLIXCO,PUEBLA
ATOYATEMPAN,PUEBLA
ATZALA,PUEBLA
ATZITZIHUACAN,PUEBLA
ATZITZINTLA,PUEBLA
AXUTLA,PUEBLA
"AYOTOXCO DE GUERRERO",PUEBLA
CALPAN,PUEBLA
CALTEPEC,PUEBLA
CAMOCUAUTLA,PUEBLA
"CAÐADA MORELOS",PUEBLA
CAXHUACAN,PUEBLA
"CHALCHICOMULA DE SESMA",PUEBLA
CHAPULCO,PUEBLA
CHIAUTLA,PUEBLA
CHIAUTZINGO,PUEBLA
CHICHIQUILA,PUEBLA
CHICONCUAUTLA,PUEBLA
CHIETLA,PUEBLA
CHIGMECATITLAN,PUEBLA
CHIGNAHUAPAN,PUEBLA
CHIGNAUTLA,PUEBLA
CHILA,PUEBLA
"CHILA  HONEY",PUEBLA
"CHILA DE LA SAL",PUEBLA
CHILCHOTLA,PUEBLA
CHINANTLA,PUEBLA
COATEPEC,PUEBLA
COATZINGO,PUEBLA
COHETZALA,PUEBLA
COHUECAN,PUEBLA
CORONANGO,PUEBLA
COXCATLAN,PUEBLA
COYOMEAPAN,PUEBLA
COYOTEPEC,PUEBLA
"CUAPIAXTLA DE MADERO",PUEBLA
CUAUTEMPAN,PUEBLA
CUAUTINCHAN,PUEBLA
CUAUTLANCINGO,PUEBLA
"CUAYUCA DE ANDRADE",PUEBLA
"CUETZALAN DEL PROGRESO",PUEBLA
CUYOACO,PUEBLA
"DOMINGO ARENAS",PUEBLA
ELOXOCHITLAN,PUEBLA
EPATLAN,PUEBLA
ESPERANZA,PUEBLA
"FRANCISCO Z. MENA",PUEBLA
"GENERAL FELIPE ANGELES",PUEBLA
GUADALUPE,PUEBLA
"GUADALUPE VICTORIA",PUEBLA
"HERMENEGILDO GALEANA",PUEBLA
HUAQUECHULA,PUEBLA
HUATLATLAUCA,PUEBLA
HUAUCHINANGO,PUEBLA
HUEHUETLA,PUEBLA
"HUEHUETLAN EL CHICO",PUEBLA
"HUEHUETLAN EL GRANDE",PUEBLA
HUEJOTZINGO,PUEBLA
HUEYAPAN,PUEBLA
HUEYTAMALCO,PUEBLA
HUEYTLALPAN,PUEBLA
"HUITZILAN DE SERDAN",PUEBLA
HUITZILTEPEC,PUEBLA
"IGNACIO ALLENDE",PUEBLA
"IXCAMILPA DE GUERRERO",PUEBLA
IXCAQUIXTLA,PUEBLA
IXTACAMAXTITLAN,PUEBLA
IXTEPEC,PUEBLA
"IZUCAR DE MATAMOROS",PUEBLA
JALPAN,PUEBLA
JOLALPAN,PUEBLA
JONOTLA,PUEBLA
JOPALA,PUEBLA
"JUAN C. BONILLA",PUEBLA
"JUAN GALINDO",PUEBLA
"JUAN N. MENDEZ",PUEBLA
LAFRAGUA,PUEBLA
LIBRES,PUEBLA
"LA MAGDALENA TLATLAUQUITEPEC",PUEBLA
"MAZAPILTEPEC DE JUAREZ",PUEBLA
MIXTLA,PUEBLA
MOLCAXAC,PUEBLA
NAUPAN,PUEBLA
NAUZONTLA,PUEBLA
NEALTICAN,PUEBLA
"NICOLAS BRAVO",PUEBLA
NOPALUCAN,PUEBLA
OCOTEPEC,PUEBLA
OCOYUCAN,PUEBLA
OLINTLA,PUEBLA
ORIENTAL,PUEBLA
PAHUATLAN,PUEBLA
"PALMAR DE BRAVO",PUEBLA
PANTEPEC,PUEBLA
PETLALCINGO,PUEBLA
PIAXTLA,PUEBLA
PUEBLA,PUEBLA
QUECHOLAC,PUEBLA
QUIMIXTLAN,PUEBLA
"RAFAEL LARA GRAJALES",PUEBLA
"LOS REYES DE JUAREZ",PUEBLA
"SAN ANDRES CHOLULA",PUEBLA
"SAN ANTONIO CAÐADA",PUEBLA
"SAN DIEGO LA MESA TOCHIMILTZI",PUEBLA
"SAN FELIPE TEOTLALCINGO",PUEBLA
"SAN FELIPE TEPATLAN",PUEBLA
"SAN GABRIEL CHILAC",PUEBLA
"SAN GREGORIO ATZOMPA",PUEBLA
"SAN GREGORIO CHIPILO",PUEBLA
"SAN JERONIMO TECUANIPAN",PUEBLA
"SAN JERONIMO XAYACATLAN",PUEBLA
"SAN JOSE CHIAPA",PUEBLA
"SAN JOSE MIAHUATLAN",PUEBLA
"SAN JUAN ATENCO",PUEBLA
"SAN JUAN ATZOMPA",PUEBLA
"SAN MARTIN TEXMELUCAN",PUEBLA
"SAN MARTIN TOTOLTEPEC",PUEBLA
"SAN MATIAS TLALANCALECA",PUEBLA
"SAN MIGUEL IXITLAN",PUEBLA
"SAN MIGUEL XOXTLA",PUEBLA
"SAN NICOLAS BUENOS AIRES",PUEBLA
"SAN NICOLAS DE LOS RANCHOS",PUEBLA
"SAN PABLO ANICANO",PUEBLA
"SAN PEDRO CHOLULA",PUEBLA
"SAN PEDRO YELOIXTLAHUACA",PUEBLA
"SAN SALVADOR EL SECO",PUEBLA
"SAN SALVADOR EL VERDE",PUEBLA
"SAN SALVADOR HUIXCOLOTLA",PUEBLA
"SAN SEBASTIAN TLACOTEPEC",PUEBLA
"SANTA CATARINA TLALTEMPAN",PUEBLA
"SANTA INES AHUATEMPAN",PUEBLA
"SANTA ISABEL CHOLULA",PUEBLA
"SANTIAGO MIAHUATLAN",PUEBLA
"SANTO TOMAS HUEYOTLIPAN",PUEBLA
SOLTEPEC,PUEBLA
"TECALI DE HERRERA",PUEBLA
TECAMACHALCO,PUEBLA
TECOMATLAN,PUEBLA
TEHUACAN,PUEBLA
TEHUITZINGO,PUEBLA
TENAMPULCO,PUEBLA
TEOPANTLAN,PUEBLA
TEOTLALCO,PUEBLA
"TEPANCO DE LOPEZ",PUEBLA
"TEPANGO DE RODRIGUEZ",PUEBLA
"TEPATLAXCO DE HIDALGO",PUEBLA
TEPEACA,PUEBLA
TEPEMAXALCO,PUEBLA
TEPEOJUMA,PUEBLA
TEPETZINTLA,PUEBLA
TEPEXCO,PUEBLA
"TEPEXI DE RODRIGUEZ",PUEBLA
TEPEYAHUALCO,PUEBLA
"TEPEYAHUALCO DE CUAUHTEMOC",PUEBLA
"TETELA DE OCAMPO",PUEBLA
"TETELES DE AVILA CASTILLO",PUEBLA
TEZIUTLAN,PUEBLA
TIANGUISMANALCO,PUEBLA
TILAPA,PUEBLA
TLACHICHUCA,PUEBLA
"TLACOTEPEC DE BENITO JUAREZ",PUEBLA
TLACUILOTEPEC,PUEBLA
TLAHUAPAN,PUEBLA
TLALTENANGO,PUEBLA
TLANEPANTLA,PUEBLA
TLAOLA,PUEBLA
TLAPACOYA,PUEBLA
TLAPANALA,PUEBLA
TLATLAUQUITEPEC,PUEBLA
TLAXCO,PUEBLA
TOCHIMILCO,PUEBLA
TOCHTEPEC,PUEBLA
"TOTOLTEPEC DE GUERRERO",PUEBLA
TULCINGO,PUEBLA
"TUZAMAPAN DE GALEANA",PUEBLA
TZICATLACOYAN,PUEBLA
"VENUSTIANO CARRANZA",PUEBLA
"VICENTE GUERRERO",PUEBLA
"XAYACATLAN DE BRAVO",PUEBLA
XICOTEPEC,PUEBLA
XICOTLAN,PUEBLA
XIUTETELCO,PUEBLA
XOCHIAPULCO,PUEBLA
XOCHILTEPEC,PUEBLA
"XOCHITLAN DE VICENTE SUAREZ",PUEBLA
"XOCHITLAN TODOS SANTOS",PUEBLA
YAONAHUAC,PUEBLA
YEHUALTEPEC,PUEBLA
ZACAPALA,PUEBLA
ZACAPOAXTLA,PUEBLA
ZACATLAN,PUEBLA
ZAPOTITLAN,PUEBLA
"ZAPOTITLAN DE MENDEZ",PUEBLA
ZARAGOZA,PUEBLA
ZAUTLA,PUEBLA
ZIHUATEUTLA,PUEBLA
ZINACATEPEC,PUEBLA
ZONGOZOTLA,PUEBLA
ZOQUIAPAN,PUEBLA
ZOQUITLAN,PUEBLA
"AMEALCO DE BONFIL",QUERETARO
"ARROYO SECO",QUERETARO
"CADEREYTA DE MONTES",QUERETARO
COLON,QUERETARO
CORREGIDORA,QUERETARO
"EZEQUIEL MONTES",QUERETARO
HUIMILPAN,QUERETARO
"JALPAN DE SERRA",QUERETARO
"LANDA DE MATAMOROS",QUERETARO
"EL MARQUES",QUERETARO
"PEDRO ESCOBEDO",QUERETARO
"PEÐAMILLER",QUERETARO
"PINAL DE AMOLES",QUERETARO
QUERETARO,QUERETARO
"SAN JOAQUIN",QUERETARO
"SAN JUAN DEL RIO",QUERETARO
TEQUISQUIAPAN,QUERETARO
TOLIMAN,QUERETARO
"BENITO JUAREZ","QUINTANA ROO"
CANCUN,"QUINTANA ROO"
COZUMEL,"QUINTANA ROO"
"FELIPE CARRILLO PUERTO","QUINTANA ROO"
"ISLA MUJERES","QUINTANA ROO"
"JOSE MA MORELOS","QUINTANA ROO"
"LAZARO CARDENAS","QUINTANA ROO"
"OTHON P. BLANCO","QUINTANA ROO"
"PLAYA DEL CARMEN","QUINTANA ROO"
CHETUMAL,"QUINTANA ROO"
TULUM,"QUINTANA ROO"
SOLIDARIDAD,"QUINTANA ROO"
AHOME,SINALOA
ANGOSTURA,SINALOA
BADIRAGUATO,SINALOA
CHOIX,SINALOA
CONCORDIA,SINALOA
COSALA,SINALOA
CULIACAN,SINALOA
"EL DORADO",SINALOA
ELOTA,SINALOA
ESCUINAPA,SINALOA
FUERTE,SINALOA
GUAMUCHIL,SINALOA
GUASAVE,SINALOA
MAZATLAN,SINALOA
MOCHIS,SINALOA
MOCORITO,SINALOA
NAVOLATO,SINALOA
QUILA,SINALOA
ROSARIO,SINALOA
"SALVADOR ALVARADO",SINALOA
"SAN IGNACIO",SINALOA
SINALOA,SINALOA
"EL SALADO",SINALOA
PERICOS,SINALOA
"VILLA UNION",SINALOA
AHUALULCO,"SAN LUIS POTOSI"
ALAQUINES,"SAN LUIS POTOSI"
AQUISMON,"SAN LUIS POTOSI"
"ARMADILLO DE LOS INFANTE","SAN LUIS POTOSI"
"AXTLA DE TERRAZAS","SAN LUIS POTOSI"
CARDENAS,"SAN LUIS POTOSI"
CATORCE,"SAN LUIS POTOSI"
CEDRAL,"SAN LUIS POTOSI"
CERRITOS,"SAN LUIS POTOSI"
"CERRO DE SAN PEDRO","SAN LUIS POTOSI"
CHARCAS,"SAN LUIS POTOSI"
"CIUDAD DEL MAIZ","SAN LUIS POTOSI"
"CIUDAD FERNANDEZ","SAN LUIS POTOSI"
"CIUDAD VALLES","SAN LUIS POTOSI"
COXCATLAN,"SAN LUIS POTOSI"
EBANO,"SAN LUIS POTOSI"
GUADALCAZAR,"SAN LUIS POTOSI"
HUEHUETLAN,"SAN LUIS POTOSI"
LAGUNILLAS,"SAN LUIS POTOSI"
MATEHUALA,"SAN LUIS POTOSI"
"MEXQUITIC DE CARMONA","SAN LUIS POTOSI"
MOCTEZUMA,"SAN LUIS POTOSI"
RAYON,"SAN LUIS POTOSI"
RIOVERDE,"SAN LUIS POTOSI"
SALINAS,"SAN LUIS POTOSI"
"SAN ANTONIO","SAN LUIS POTOSI"
"SAN CIRO DE ACOSTA","SAN LUIS POTOSI"
"SAN LUIS POTOSI","SAN LUIS POTOSI"
"SAN MARTIN CHALCHICUAUTLA","SAN LUIS POTOSI"
"SAN NICOLAS TOLENTINO","SAN LUIS POTOSI"
"SAN VICENTE TANCUAYALAB","SAN LUIS POTOSI"
"SANTA CATARINA","SAN LUIS POTOSI"
"SANTA MARIA DEL RIO","SAN LUIS POTOSI"
"SANTO DOMINGO","SAN LUIS POTOSI"
"SOLEDAD DE GRACIANO SANCHEZ","SAN LUIS POTOSI"
TAMASOPO,"SAN LUIS POTOSI"
TAMAZUNCHALE,"SAN LUIS POTOSI"
TAMPACAN,"SAN LUIS POTOSI"
"TAMPAMOLON CORONA","SAN LUIS POTOSI"
TAMUIN,"SAN LUIS POTOSI"
"TANCANHUITZ DE SANTOS","SAN LUIS POTOSI"
TANLAJAS,"SAN LUIS POTOSI"
"TANQUIAN DE ESCOBEDO","SAN LUIS POTOSI"
TIERRANUEVA,"SAN LUIS POTOSI"
VANEGAS,"SAN LUIS POTOSI"
VENADO,"SAN LUIS POTOSI"
"VILLA DE ARISTA","SAN LUIS POTOSI"
"VILLA DE ARRIAGA","SAN LUIS POTOSI"
"VILLA DE GUADALUPE","SAN LUIS POTOSI"
"VILLA DE LA PAZ","SAN LUIS POTOSI"
"VILLA DE RAMOS","SAN LUIS POTOSI"
"VILLA DE REYES","SAN LUIS POTOSI"
"VILLA HIDALGO","SAN LUIS POTOSI"
"VILLA JUAREZ","SAN LUIS POTOSI"
XILITLA,"SAN LUIS POTOSI"
ZARAGOZA,"SAN LUIS POTOSI"
"EL NARANJO","SAN LUIS POTOSI"
"VILLA DE POZOS","SAN LUIS POTOSI"
ACONCHI,SONORA
"AGUA PRIETA",SONORA
ALAMOS,SONORA
ALTAR,SONORA
ARIVECHI,SONORA
ARIZPE,SONORA
ATIL,SONORA
BACADEHUACHI,SONORA
BACANORA,SONORA
BACERAC,SONORA
BACOACHI,SONORA
BACUM,SONORA
BANAMICHI,SONORA
BAVIACORA,SONORA
BAVISPE,SONORA
"BENJAMIN HILL",SONORA
CABORCA,SONORA
CAJEME,SONORA
CANANEA,SONORA
CARBO,SONORA
"LA COLORADA",SONORA
CUCURPE,SONORA
CUMPAS,SONORA
DIVISADEROS,SONORA
EMPALME,SONORA
ETCHOJOA,SONORA
FRONTERAS,SONORA
GRANADOS,SONORA
GUAYMAS,SONORA
HERMOSILLO,SONORA
HUACHINERA,SONORA
HUASABAS,SONORA
HUATABAMPO,SONORA
HUEPAC,SONORA
IMURIS,SONORA
MAGDALENA,SONORA
MAZATAN,SONORA
MOCTEZUMA,SONORA
NACO,SONORA
"NACORI CHICO",SONORA
"NACOZARI DE GARCIA",SONORA
NAVOJOA,SONORA
NOGALES,SONORA
ONAVAS,SONORA
OPODEPE,SONORA
OQUITOA,SONORA
PITIQUITO,SONORA
"PLUTARCO ELIAS CALLES",SONORA
"PUERTO PENASCO",SONORA
QUIRIEGO,SONORA
RAYON,SONORA
ROSARIO,SONORA
SAHUARIPA,SONORA
"SAN FELIPE DE JESUS",SONORA
"SAN JAVIER",SONORA
"SAN LUIS RIO COLORADO",SONORA
"SAN MIGUEL DE HORCASITAS",SONORA
"SAN PEDRO DE LA CUEVA",SONORA
"SANTA ANA",SONORA
"SANTA CRUZ",SONORA
SARIC,SONORA
SOYOPA,SONORA
"SUAQUI GRANDE",SONORA
TEPACHE,SONORA
TRINCHERAS,SONORA
TUBUTAMA,SONORA
URES,SONORA
"VILLA HIDALGO",SONORA
"VILLA PESQUEIRA",SONORA
YECORA,SONORA
"VILLA JUAREZ",SONORA
SONOYTA,SONORA
VICAM,SONORA
"PUEBLO YAQUI",SONORA
"CD OBREGON",SONORA
"SAN IGNACIO RIO MUERTO",SONORA
WICHITA,SONORA
BALANCAN,TABASCO
CARDENAS,TABASCO
CENTLA,TABASCO
CENTRO,TABASCO
COMALCALCO,TABASCO
CUNDUACAN,TABASCO
"EMILIANO ZAPATA",TABASCO
HUIMANGUILLO,TABASCO
JALAPA,TABASCO
"JALPA DE MENDEZ",TABASCO
JONUTA,TABASCO
MACUSPANA,TABASCO
NACAJUCA,TABASCO
PARAISO,TABASCO
TACOTALPA,TABASCO
TEAPA,TABASCO
TENOSIQUE,TABASCO
VILLAHERMOSA,TABASCO
OCUITZAPOTLAN,TABASCO
"PUERTO DOS BOCAS",TABASCO
ABASOLO,TAMAULIPAS
ALDAMA,TAMAULIPAS
ALTAMIRA,TAMAULIPAS
"ANTIGUO MORELOS",TAMAULIPAS
BURGOS,TAMAULIPAS
BUSTAMANTE,TAMAULIPAS
CAMARGO,TAMAULIPAS
CASAS,TAMAULIPAS
"CIUDAD MADERO",TAMAULIPAS
COAH,TAMAULIPAS
CRUILLAS,TAMAULIPAS
GUEMEZ,TAMAULIPAS
"GOMEZ FARIAS",TAMAULIPAS
GONZALEZ,TAMAULIPAS
GUERRERO,TAMAULIPAS
"GUSTAVO DIAZ ORDAZ",TAMAULIPAS
HIDALGO,TAMAULIPAS
JAUMAVE,TAMAULIPAS
JIMENEZ,TAMAULIPAS
LLERA,TAMAULIPAS
MAINERO,TAMAULIPAS
"EL MANTE",TAMAULIPAS
MATAMOROS,TAMAULIPAS
MENDEZ,TAMAULIPAS
MIER,TAMAULIPAS
"MIGUEL ALEMAN",TAMAULIPAS
MIQUIHUANA,TAMAULIPAS
"NUEVO LAREDO",TAMAULIPAS
"NUEVO MORELOS",TAMAULIPAS
"NUEVO PROGRESO",TAMAULIPAS
OCAMPO,TAMAULIPAS
PADILLA,TAMAULIPAS
PALMILLAS,TAMAULIPAS
REYNOSA,TAMAULIPAS
"RIO BRAVO",TAMAULIPAS
"SAN CARLOS",TAMAULIPAS
"SAN FERNANDO",TAMAULIPAS
"SAN NICOLAS",TAMAULIPAS
"SOTO LA MARINA",TAMAULIPAS
TAMPICO,TAMAULIPAS
TULA,TAMAULIPAS
VALADECES,TAMAULIPAS
"VALLE HERMOSO",TAMAULIPAS
VICTORIA,TAMAULIPAS
VILLAGRAN,TAMAULIPAS
XICOTENCATL,TAMAULIPAS
"ESTACION MANUEL",TAMAULIPAS
"SANTA ENGRACIA",TAMAULIPAS
"ACUAMANALA DE MIGUEL HIDALGO",TLAXCALA
ALTZAYANCA,TLAXCALA
"AMAXAC DE GUERRERO",TLAXCALA
"APETATITLAN DE A. CARBAJAL",TLAXCALA
APIZACO,TLAXCALA
ATLANGATEPEC,TLAXCALA
CALPULALPAN,TLAXCALA
"EL CARMEN TEQUEXQUITLA",TLAXCALA
CHIAUTEMPAN,TLAXCALA
"CONTLA DE JUAN CUAMATZI",TLAXCALA
CUAPIAXTLA,TLAXCALA
CUAXOMULCO,TLAXCALA
"ESPAÐITA",TLAXCALA
HUAMANTLA,TLAXCALA
HUEYOTLIPAN,TLAXCALA
"IXTACUIXTLA DE M. MATAMOROS",TLAXCALA
IXTENCO,TLAXCALA
"MAZATECOCHCO DE J. MA. MORELO",TLAXCALA
"MUÐOZ DE DOMINGO ARENAS",TLAXCALA
"NANACAMILPA DE MARIANO ARISTA",TLAXCALA
NATIVITAS,TLAXCALA
PANOTLA,TLAXCALA
"PAPALOTLA DE XICOHTENCATL",TLAXCALA
"SAN MARCOS GUAQUILPAN",TLAXCALA
"SAN PABLO DEL MONTE",TLAXCALA
"SANCTORUM DE LAZARO CARDENAS",TLAXCALA
"SANTA CRUZ TLAXCALA",TLAXCALA
TENANCINGO,TLAXCALA
TEOLOCHOLCO,TLAXCALA
"TEPETITLA DE LARDIZABAL",TLAXCALA
TEPEYANCO,TLAXCALA
TERRENATE,TLAXCALA
TETLA,TLAXCALA
TETLATLAHUCA,TLAXCALA
TLAXCALA,TLAXCALA
TLAXCO,TLAXCALA
TOCATLAN,TLAXCALA
TOTOLAC,TLAXCALA
TZOMPANTEPEC,TLAXCALA
XALOZTOC,TLAXCALA
XALTOCAN,TLAXCALA
XICOTZINGO,TLAXCALA
YAUHQUEMEHCAN,TLAXCALA
"Z. DE TRINIDAD SANCHEZ SANTOS",TLAXCALA
ZACATELCO,TLAXCALA
ACAJETE,VERACRUZ
ACATLAN,VERACRUZ
ACAYUCAN,VERACRUZ
ACTOPAN,VERACRUZ
ACULA,VERACRUZ
ACULTZINGO,VERACRUZ
"AGUA DULCE",VERACRUZ
ALPATLAHUAC,VERACRUZ
"ALTO LUCERO",VERACRUZ
ALTOTONGA,VERACRUZ
ALVARADO,VERACRUZ
AMATITLAN,VERACRUZ
"AMATLAN DE LOS REYES",VERACRUZ
"AMATLAN TUXPAN",VERACRUZ
"ANGEL R. CABADA",VERACRUZ
"LA ANTIGUA",VERACRUZ
APAZAPAN,VERACRUZ
AQUILA,VERACRUZ
ASTACINGA,VERACRUZ
ATLAHUILCO,VERACRUZ
ATOYAC,VERACRUZ
ATZACAN,VERACRUZ
ATZALAN,VERACRUZ
AYAHUALULCO,VERACRUZ
BANDERILLA,VERACRUZ
"BENITO JUAREZ",VERACRUZ
"BOCA DEL RIO",VERACRUZ
CALCAHUALCO,VERACRUZ
"CAMARON DE TEJEDA",VERACRUZ
"CAMERINO Z. MENDOZA",VERACRUZ
"CARRILLO PUERTO",VERACRUZ
"CASTILLO DE TEAYO",VERACRUZ
CATEMACO,VERACRUZ
"CAZONES DE HERRERA",VERACRUZ
"CERRO AZUL",VERACRUZ
CHACALTIANGUIS,VERACRUZ
CHALMA,VERACRUZ
CHICONAMEL,VERACRUZ
CHICONQUIACO,VERACRUZ
CHICONTEPEC,VERACRUZ
CHINAMECA,VERACRUZ
"CHINAMPA DE GOROSTIZA",VERACRUZ
"LAS CHOAPAS",VERACRUZ
CHOCAMAN,VERACRUZ
CHONTLA,VERACRUZ
CHUMATLAN,VERACRUZ
CITLALTEPETL,VERACRUZ
COACOATZINTLA,VERACRUZ
COAHUITLAN,VERACRUZ
COATEPEC,VERACRUZ
COATZACOALCOS,VERACRUZ
COATZINTLA,VERACRUZ
COETZALA,VERACRUZ
COLIPA,VERACRUZ
COMAPA,VERACRUZ
CORDOBA,VERACRUZ
COSAMALOAPAN,VERACRUZ
"COSAUTLAN DE CARVAJAL",VERACRUZ
COSCOMATEPEC,VERACRUZ
COSOLEACAQUE,VERACRUZ
COTAXTLA,VERACRUZ
COXQUIHUI,VERACRUZ
COYUTLA,VERACRUZ
CUAUHTEMOC,VERACRUZ
CUICHAPA,VERACRUZ
CUITLAHUAC,VERACRUZ
"EL TEJAR",VERACRUZ
"EMILIANO ZAPATA",VERACRUZ
ESPINAL,VERACRUZ
"FILOMENO MATA",VERACRUZ
FORTIN,VERACRUZ
"GUTIERREZ ZAMORA",VERACRUZ
HIDALGOTITLAN,VERACRUZ
"EL HIGO",VERACRUZ
HUATUSCO,VERACRUZ
HUAYACOCOTLA,VERACRUZ
"HUEYAPAN DE OCAMPO",VERACRUZ
"HUILOAPAN DE CUAUHTEMOC",VERACRUZ
"IGNACIO DE LA LLAVE",VERACRUZ
ILAMATLAN,VERACRUZ
ISLA,VERACRUZ
IXCATEPEC,VERACRUZ
"IXHUACAN DE LOS REYES",VERACRUZ
"IXHUATLAN DE MADERO",VERACRUZ
"IXHUATLAN DEL CAFE",VERACRUZ
"IXHUATLAN DEL SURESTE",VERACRUZ
IXHUATLANCILLO,VERACRUZ
IXMATLAHUACAN,VERACRUZ
IXTACZOQUITLAN,VERACRUZ
JALACINGO,VERACRUZ
JALCOMULCO,VERACRUZ
JALTIPAN,VERACRUZ
JAMAPA,VERACRUZ
"JESUS CARRANZA",VERACRUZ
JILOTEPEC,VERACRUZ
"JOSE AZUETA",VERACRUZ
"JUAN RODRIGUEZ CLARA",VERACRUZ
"JUCHIQUE DE FERRER",VERACRUZ
"LANDERO Y COSS",VERACRUZ
"LERDO DE TEJADA",VERACRUZ
MAGDALENA,VERACRUZ
MALTRATA,VERACRUZ
"MANLIO FABIO ALTAMIRANO",VERACRUZ
"MARIANO ESCOBEDO",VERACRUZ
"MARTINEZ DE LA TORRE",VERACRUZ
MECATLAN,VERACRUZ
MECAYAPAN,VERACRUZ
MEDELLIN,VERACRUZ
MIAHUATLAN,VERACRUZ
"LAS MINAS",VERACRUZ
MINATITLAN,VERACRUZ
MISANTLA,VERACRUZ
"MIXTLA DE ALTAMIRANO",VERACRUZ
MOCAMBO,VERACRUZ
MOLOACAN,VERACRUZ
"NANCHITAL DE LAZARO CARDENAS",VERACRUZ
NAOLINCO,VERACRUZ
NARANJAL,VERACRUZ
NARANJOS,VERACRUZ
NAUTLA,VERACRUZ
NOGALES,VERACRUZ
OLUTA,VERACRUZ
OMEALCA,VERACRUZ
ORIZABA,VERACRUZ
OTATITLAN,VERACRUZ
OTEAPAN,VERACRUZ
OZULUAMA,VERACRUZ
PAJAPAN,VERACRUZ
PANUCO,VERACRUZ
PAPANTLA,VERACRUZ
"PASO DE OVEJAS",VERACRUZ
"PASO DEL MACHO",VERACRUZ
"LA PERLA",VERACRUZ
PEROTE,VERACRUZ
"PLATON SANCHEZ",VERACRUZ
"PLAYA VICENTE",VERACRUZ
"POZA RICA DE HIDALGO",VERACRUZ
"PUEBLO VIEJO",VERACRUZ
"PUENTE NACIONAL",VERACRUZ
"RAFAEL DELGADO",VERACRUZ
"RAFAEL LUCIO",VERACRUZ
"LOS REYES",VERACRUZ
"RIO BLANCO",VERACRUZ
SALTABARRANCA,VERACRUZ
"SAN ANDRES TENEJAPAN",VERACRUZ
"SAN ANDRES TUXTLA",VERACRUZ
"SAN JUAN EVANGELISTA",VERACRUZ
"SANTIAGO TUXTLA",VERACRUZ
"SAYULA DE ALEMAN",VERACRUZ
SOCHIAPA,VERACRUZ
SOCONUSCO,VERACRUZ
"SOLEDAD ATZOMPA",VERACRUZ
"SOLEDAD DE DOBLADO",VERACRUZ
SOTEAPAN,VERACRUZ
TAMALIN,VERACRUZ
TAMIAHUA,VERACRUZ
"TAMPICO ALTO",VERACRUZ
TANCOCO,VERACRUZ
TANTIMA,VERACRUZ
TANTOYUCA,VERACRUZ
TATATILA,VERACRUZ
TECOLUTLA,VERACRUZ
TEHUIPANGO,VERACRUZ
TEMAPACHE,VERACRUZ
TEMPOAL,VERACRUZ
TENAMPA,VERACRUZ
TENOCHTITLAN,VERACRUZ
TEOCELO,VERACRUZ
TEPATLAXCO,VERACRUZ
TEPETLAN,VERACRUZ
TEPETZINTLA,VERACRUZ
TEQUILA,VERACRUZ
TEXCATEPEC,VERACRUZ
TEXHUACAN,VERACRUZ
TEXISTEPEC,VERACRUZ
TEZONAPA,VERACRUZ
"TIERRA BLANCA",VERACRUZ
TIHUATLAN,VERACRUZ
TLACHICHILCO,VERACRUZ
TLACOJALPAN,VERACRUZ
TLACOLULAN,VERACRUZ
TLACOTALPAN,VERACRUZ
"TLACOTEPEC DE MEJIA",VERACRUZ
TLALIXCOYAN,VERACRUZ
TLALNELHUAYOCAN,VERACRUZ
TLALTETELA,VERACRUZ
TLAPACOYAN,VERACRUZ
TLAQUILPAN,VERACRUZ
TLILAPAN,VERACRUZ
TOMATLAN,VERACRUZ
TONAYAN,VERACRUZ
TOTUTLA,VERACRUZ
"TRES VALLES",VERACRUZ
TUXPAN,VERACRUZ
TUXTILLA,VERACRUZ
"URSULO GALVAN",VERACRUZ
"VEGA DE ALATORRE",VERACRUZ
VERACRUZ,VERACRUZ
"LAS VIGAS DE RAMIREZ",VERACRUZ
"VILLA ALDAMA",VERACRUZ
XALAPA,VERACRUZ
XICO,VERACRUZ
XOXOCOTLA,VERACRUZ
YANGA,VERACRUZ
YECUATLAN,VERACRUZ
ZACUALPAN,VERACRUZ
ZARAGOZA,VERACRUZ
ZENTLA,VERACRUZ
ZONGOLICA,VERACRUZ
ZONTECOMATLAN,VERACRUZ
"ZOZOCOLCO DE HIDALGO",VERACRUZ
"MATA REDONDA",VERACRUZ
JALAPA,VERACRUZ
ABALA,YUCATAN
ACANCEH,YUCATAN
AKIL,YUCATAN
BACA,YUCATAN
BOKOBA,YUCATAN
BUCTZOTZ,YUCATAN
CACALCHEN,YUCATAN
CALOTMUL,YUCATAN
CANSAHCAB,YUCATAN
CANTAMAYEC,YUCATAN
CELESTUN,YUCATAN
CENOTILLO,YUCATAN
CHACSINKIN,YUCATAN
CHANKOM,YUCATAN
CHAPAB,YUCATAN
"CHELEM PUERTO",YUCATAN
CHEMAX,YUCATAN
CHICHIMILA,YUCATAN
"CHICXULUB PUERTO",YUCATAN
CHIKINDZONOT,YUCATAN
CHOCHOLA,YUCATAN
CHUMAYEL,YUCATAN
CONKAL,YUCATAN
CUNCUNUL,YUCATAN
CUZAMA,YUCATAN
DZAN,YUCATAN
DZEMUL,YUCATAN
DZIDZANTUN,YUCATAN
"DZILAM DE BRAVO",YUCATAN
"DZILAM GONZALEZ",YUCATAN
DZITAS,YUCATAN
DZONCAUICH,YUCATAN
ESPITA,YUCATAN
HALACHO,YUCATAN
HOCABA,YUCATAN
HOCTUN,YUCATAN
HOMUN,YUCATAN
HUHI,YUCATAN
HUNUCMA,YUCATAN
IXIL,YUCATAN
IZAMAL,YUCATAN
KANASIN,YUCATAN
KANTUNIL,YUCATAN
KAUA,YUCATAN
KINCHIL,YUCATAN
KOPOMA,YUCATAN
MAMA,YUCATAN
MANI,YUCATAN
MAXCANU,YUCATAN
MAYAPAN,YUCATAN
MERIDA,YUCATAN
MOCOCHA,YUCATAN
MOTUL,YUCATAN
MUNA,YUCATAN
MUXUPIP,YUCATAN
OPICHEN,YUCATAN
OXKUTZCAB,YUCATAN
PANABA,YUCATAN
PETO,YUCATAN
PROGRESO,YUCATAN
"QUINTANA ROO",YUCATAN
"RIO LAGARTOS",YUCATAN
SACALUM,YUCATAN
SAMAHIL,YUCATAN
"SAN FELIPE",YUCATAN
SANAHCAT,YUCATAN
"SANTA ELENA",YUCATAN
SEYE,YUCATAN
SINANCHE,YUCATAN
SOTUTA,YUCATAN
SUCILA,YUCATAN
SUDZAL,YUCATAN
SUMA,YUCATAN
TAHDZIU,YUCATAN
TAHMEK,YUCATAN
TEABO,YUCATAN
TECOH,YUCATAN
"TEKAL DE VENEGAS",YUCATAN
TEKANTO,YUCATAN
TEKAX,YUCATAN
TEKIT,YUCATAN
TEKOM,YUCATAN
"TELCHAC PUEBLO",YUCATAN
"TELCHAC PUERTO",YUCATAN
TEMAX,YUCATAN
TEMOZON,YUCATAN
TEPAKAN,YUCATAN
TETIZ,YUCATAN
TEYA,YUCATAN
TICUL,YUCATAN
TIMUCUY,YUCATAN
TINUM,YUCATAN
TIXCACALCUPUL,YUCATAN
TIXKOKOB,YUCATAN
TIXMEUAC,YUCATAN
TIXPEUAL,YUCATAN
TIZIMIN,YUCATAN
TUNKAS,YUCATAN
TZUCACAB,YUCATAN
UAYMA,YUCATAN
UCU,YUCATAN
UMAN,YUCATAN
VALLADOLID,YUCATAN
XOCCHEL,YUCATAN
YAXCABA,YUCATAN
YAXKUKUL,YUCATAN
YOBAIN,YUCATAN
PISTE,YUCATAN
APOZOL,ZACATECAS
APULCO,ZACATECAS
ATOLINGA,ZACATECAS
"BENITO JUAREZ",ZACATECAS
CALERA,ZACATECAS
"CANITA DE FELIPE PESCADOR",ZACATECAS
CHALCHIHUITES,ZACATECAS
"CONCEPCION DEL ORO",ZACATECAS
CUAUHTEMOC,ZACATECAS
FRESNILLO,ZACATECAS
"GENARO CODINA",ZACATECAS
"GENERAL ENRIQUE ESTRADA",ZACATECAS
"GENERAL FRANCISCO MURGUIA",ZACATECAS
"GENERAL JOAQUIN AMARO",ZACATECAS
"GENERAL PANFILO NATERA",ZACATECAS
GUADALUPE,ZACATECAS
HUANUSCO,ZACATECAS
JALPA,ZACATECAS
JEREZ,ZACATECAS
"JIMENEZ DEL TEUL",ZACATECAS
"JUAN ALDAMA",ZACATECAS
JUCHIPILA,ZACATECAS
LORETO,ZACATECAS
"LUIS MOYA",ZACATECAS
MAZAPIL,ZACATECAS
"MELCHOR OCAMPO",ZACATECAS
"MEZQUITAL DEL ORO",ZACATECAS
"MIGUEL AUZA",ZACATECAS
MOMAX,ZACATECAS
"MONTE ESCOBEDO",ZACATECAS
MORELOS,ZACATECAS
"MOYAHUA DE ESTRADA",ZACATECAS
"NOCHISTLAN DE MEJIA",ZACATECAS
"NORIA DE ANGELES",ZACATECAS
OJOCALIENTE,ZACATECAS
PANUCO,ZACATECAS
PINOS,ZACATECAS
"RIO GRANDE",ZACATECAS
"SAIN ALTO",ZACATECAS
"EL SALVADOR",ZACATECAS
SOMBRERETE,ZACATECAS
SUSTICACAN,ZACATECAS
TABASCO,ZACATECAS
TEPECHITLAN,ZACATECAS
TEPETONGO,ZACATECAS
"TEUL DE GONZALEZ ORTEGA",ZACATECAS
"TLALTENANGO DE SANCHEZ ROMAN",ZACATECAS
"TRINIDAD GARCIA DE LA CADENA",ZACATECAS
VALPARAISO,ZACATECAS
VETAGRANDE,ZACATECAS
"VILLA DE COS",ZACATECAS
"VILLA GARCIA",ZACATECAS
"VILLA GONZALEZ ORTEGA",ZACATECAS
"VILLA HIDALGO",ZACATECAS
VILLANUEVA,ZACATECAS
ZACATECAS,ZACATECAS
