Alberta,Airdrie
Alberta,Brooks
Alberta,Calgary
Alberta,Camrose
Alberta,Cold Lake
Alberta,Edmonton
Alberta,Fort Saskatchewan
Alberta,Grande Prairie
Alberta,Lacombe
Alberta,Leduc
Alberta,Lethbridge
Alberta,Lloydminster
Alberta,Medicine Hat
Alberta,Red Deer
Alberta,Spruce Grove
Alberta,St. Albert
Alberta,Wetaskiwin
British Columbia,Abbotsford
British Columbia,Armstrong
British Columbia,Burnaby
British Columbia,Campbell River
British Columbia,Castlegar
British Columbia,Chilliwack
British Columbia,Colwood
British Columbia,Coquitlam
British Columbia,Courtenay
British Columbia,Cranbrook
British Columbia,Dawson Creek
British Columbia,Duncan
British Columbia,Enderby
British Columbia,Fernie
British Columbia,Fort St. John
British Columbia,Grand Forks
British Columbia,Greenwood
British Columbia,Kamloops
British Columbia,Kelowna
British Columbia,Kimberley
British Columbia,Langford
British Columbia,Langley
British Columbia,Merritt
British Columbia,Nanaimo
British Columbia,Nelson
British Columbia,New Westminster
British Columbia,North Vancouver
British Columbia,Parksville
British Columbia,Penticton
British Columbia,Pitt Meadows
British Columbia,Port Alberni
British Columbia,Port Coquitlam
British Columbia,Port Moody
British Columbia,Powell River
British Columbia,Prince George
British Columbia,Prince Rupert
British Columbia,Quesnel
British Columbia,Revelstoke
British Columbia,Richmond
British Columbia,Rossland
British Columbia,Salmon Arm
British Columbia,Surrey
British Columbia,Terrace
British Columbia,Trail
British Columbia,Vancouver
British Columbia,Vernon
British Columbia,Victoria
British Columbia,White Rock
British Columbia,Williams Lake
New Brunswick,Bathurst
New Brunswick,Campbellton
New Brunswick,Carleton
New Brunswick,Dieppe
New Brunswick,Edmundston
New Brunswick,Fredericton
New Brunswick,Lancaster
New Brunswick,Miramichi
New Brunswick,Moncton
New Brunswick,Parrtown
New Brunswick,Portland
New Brunswick,Saint John
Northwest Territories,Yellowknife
Nunavut,Iqaluit
Ontario,Barrie
Ontario,Belleville
Ontario,Berlin
Ontario,Bosanquet
Ontario,Brampton
Ontario,Brant-on-the-Grand
Ontario,Brantford
Ontario,Brockville
Ontario,Burlington
Ontario,Cambridge
Ontario,Chatham-Kent
Ontario,Clarence-Rockland
Ontario,Cornwall
Ontario,County of Brant
Ontario,Dryden
Ontario,Eastview
Ontario,Elliot Lake
Ontario,Fort William
Ontario,Greater Sudbury
Ontario,Guelph
Ontario,Haldimand
Ontario,Hamilton
Ontario,Hazeldean-March
Ontario,Kawartha Lakes
Ontario,Kenora
Ontario,Kingston
Ontario,Kitchener
Ontario,Lambton Shores
Ontario,London
Ontario,Mississauga
Ontario,Nanticoke
Ontario,Nanticoke
Ontario,Niagara Falls
Ontario,Norfolk
Ontario,North Bay
Ontario,Orillia
Ontario,Oshawa
Ontario,Ottawa
Ontario,Owen Sound
Ontario,Pembroke
Ontario,Peterborough
Ontario,Port Arthur
Ontario,Port Colborne
Ontario,Prince Edward
Ontario,Quinte West
Ontario,Quinte West
Ontario,Sarnia
Ontario,Sarnia-Clearwater
Ontario,Sault Ste. Marie
Ontario,St. Catharines
Ontario,St. Thomas
Ontario,Stratford
Ontario,Temiskaming Shores
Ontario,The Lakehead
Ontario,Thorold
Ontario,Thunder Bay
Ontario,Timmins
Ontario,Timmins-Porcupine
Ontario,Toronto
Ontario,Toronto Junction
Ontario,Vaughan
Ontario,Waterloo
Ontario,Welland
Ontario,Windsor
Ontario,Woodstock
Prince Edward Island,Charlottetown
Prince Edward Island,Summerside
Saskatchewan,Estevan
Saskatchewan,Humboldt
Saskatchewan,Lloydminster
Saskatchewan,Martensville
Saskatchewan,Meadow Lake
Saskatchewan,Melfort
Saskatchewan,Melville
Saskatchewan,Moose Jaw
Saskatchewan,North Battleford
Saskatchewan,Prince Albert
Saskatchewan,Regina
Saskatchewan,Saskatoon
Saskatchewan,Swift Current
Saskatchewan,Weyburn
Saskatchewan,Yorkton
Yukon,Whitehorse
