Anhui,Kuangshanji
Anhui,Wucheng
Anhui,Tunxi
Anhui,Anqing
Anhui,Chizhou
Anhui,Xuanzhou
Anhui,Tongling
Anhui,Lujiang
Anhui,Wuhu
Anhui,Dangtu
Anhui,Chaohu
Anhui,Maanshan
Anhui,Luan
Anhui,Hefei
Anhui,Woyang
Anhui,Chuzhou
Anhui,Huoqiu
Anhui,Huainan
Anhui,Yingshang
Anhui,Datong
Anhui,Mingguang
Anhui,Fuyang
Anhui,Bengbu
Anhui,Huaiyuan
Anhui,Jieshou
Anhui,Mengcheng
Anhui,Suzhou
Anhui,Bozhou
Anhui,Suixi
Anhui,Huaibei
Anhui,Tangzhai
Aomen,Aomen
Beijing,Fangshan
Beijing,Liangxiang
Beijing,Huangcun
Beijing,Tongzhou
Beijing,Peking
Beijing,Mentougou
Beijing,Shunyi
Beijing,Changping
Chongqing,Xiuma
Chongqing,Nantongkuang
Chongqing,Longhua
Chongqing,Jijiang
Chongqing,Yongchang
Chongqing,Yudong
Chongqing,Chongqing
Chongqing,Fuling
Chongqing,Beibei
Chongqing,Heyang
Chongqing,Wanxian
Fujian,Shishi
Fujian,Dongshan
Fujian,Shima
Fujian,Xiamen
Fujian,Zhangzhou
Fujian,Qingyang
Fujian,Quanzhou
Fujian,Ximei
Fujian,Luoyang
Fujian,Longyan
Fujian,Bantou
Fujian,Putian
Fujian,Jiangkou
Fujian,Rongcheng
Fujian,Yongan
Fujian,Tantou
Fujian,Fuzhou
Fujian,Gantou
Fujian,Sanming
Fujian,Nanping
Fujian,Jiaocheng
Fujian,Zhicheng
Fujian,Hanyang
Fujian,Shaowu
Fujian,Tongshan
Fujian,Nanpu
Gansu,Yaojie
Gansu,Beidao
Gansu,Qincheng
Gansu,Pingliang
Gansu,Linxia
Gansu,Lanzhou
Gansu,Baiyin
Gansu,Baoji
Gansu,Wuwei
Gansu,Jinchang
Gansu,Zhangye
Gansu,Jiuquan
Gansu,Jiayuguan
Gansu,Yumen
Guangdong,Zhilong
Guangdong,Houpu
Guangdong,Xucheng
Guangdong,Dongli
Guangdong,Zhanjiang
Guangdong,Suicheng
Guangdong,Meilu
Guangdong,Mata
Guangdong,Liancheng
Guangdong,Huazhou
Guangdong,Yangjiang
Guangdong,Maoming
Guangdong,Gaozhou
Guangdong,Tangping
Guangdong,Chuncheng
Guangdong,Encheng
Guangdong,Taicheng
Guangdong,Zhuhai
Guangdong,Dongzhen
Guangdong,Sanbu
Guangdong,Huicheng
Guangdong,Zhongshan
Guangdong,Shenzhen
Guangdong,Jiangmen
Guangdong,Luocheng
Guangdong,Shaping
Guangdong,Xiaolan
Guangdong,Shanwei
Guangdong,Danshui
Guangdong,Jieshi
Guangdong,Daliang
Guangdong,Humen
Guangdong,Jiazi
Guangdong,Yuncheng
Guangdong,Shiqiao
Guangdong,Donghai
Guangdong,Guanjiao
Guangdong,Haicheng
Guangdong,Pingshan
Guangdong,Shiwan
Guangdong,Foshan
Guangdong,Huicheng
Guangdong,Zhaoqing
Guangdong,Dongguan
Guangdong,Huizhou
Guangdong,Huangpu
Guangdong,Shilong
Guangdong,Guangzhou
Guangdong,Xinan
Guangdong,Luoyang
Guangdong,Lubu
Guangdong,Haimen
Guangdong,Ducheng
Guangdong,Mianchang
Guangdong,Licheng
Guangdong,Liusha
Guangdong,Shantou
Guangdong,Hepo
Guangdong,Anbu
Guangdong,Chenghai
Guangdong,Rongcheng
Guangdong,Chaozhou
Guangdong,Huanggang
Guangdong,Qingyuan
Guangdong,Yuancheng
Guangdong,Nanfeng
Guangdong,Huaicheng
Guangdong,Shuizhai
Guangdong,Xingcheng
Guangdong,Yingcheng
Guangdong,Qingtang
Guangdong,Meizhou
Guangdong,Maba
Guangdong,Lianzhou
Guangdong,Shaoguan
Guangdong,Xiongzhou
Guangdong,Leicheng
Guangdong,Lecheng
Guangxi,Beihai
Guangxi,Lianzhou
Guangxi,Qinzhou
Guangxi,Baihe
Guangxi,Yashan
Guangxi,Yulin
Guangxi,Songhua
Guangxi,Pumiao
Guangxi,Nanning
Guangxi,Nandu
Guangxi,Guicheng
Guangxi,Binzhou
Guangxi,Jinji
Guangxi,Matong
Guangxi,Wuzhou
Guangxi,Pingnan
Guangxi,Laibin
Guangxi,Heshan
Guangxi,Bose
Guangxi,Liuzhou
Guangxi,Luorong
Guangxi,Babu
Guangxi,Jinchengjiang
Guangxi,Guilin
Guizhou,Pingzhai
Guizhou,Xingyi
Guizhou,Xiaoweizhai
Guizhou,Anshun
Guizhou,Duyun
Guizhou,Liupanshui
Guizhou,Guiyang
Guizhou,Kaili
Guizhou,Caohai
Guizhou,Bijie
Guizhou,Tongren
Guizhou,Zunyi
Guizhou,Tongzi
Hainan,Sanya
Hainan,Wanning
Hainan,Chengmai
Hainan,Lingao
Hainan,Qiongshan
Hainan,Haikou
Hebei,Pengcheng
Hebei,Linshui
Hebei,Hecun
Hebei,Handan
Hebei,Wuan
Hebei,Shahe
Hebei,Xingtai
Hebei,Nangong
Hebei,Hengshui
Hebei,Luancheng
Hebei,Xinji
Hebei,Jingxingkuang
Hebei,Lianzhou
Hebei,Shijiazhuang
Hebei,Botou
Hebei,Cangzhou
Hebei,Dingzhou
Hebei,Renqiu
Hebei,Baoding
Hebei,Langfang
Hebei,Zhuozhou
Hebei,Tangshan
Hebei,Linxi
Hebei,Changli
Hebei,Zhaogezhuang
Hebei,Guye
Hebei,Tangjiazhuang
Hebei,Fengrun
Hebei,Qinhuangdao
Hebei,Xuanhua
Hebei,Zhangjiakou
Hebei,Chengde
Heilongjiang,Sifantan
Heilongjiang,Dongning
Heilongjiang,Ningan
Heilongjiang,Suifenhe
Heilongjiang,Hailin
Heilongjiang,Mudanjiang
Heilongjiang,Shanhetun
Heilongjiang,Chaihe
Heilongjiang,Wuchang
Heilongjiang,Bamiantong
Heilongjiang,Weihe
Heilongjiang,Lishu
Heilongjiang,Hengshan
Heilongjiang,Shangzhi
Heilongjiang,Jidong
Heilongjiang,Linkou
Heilongjiang,Jixi
Heilongjiang,Didao
Heilongjiang,Chengzihe
Heilongjiang,Shuangcheng
Heilongjiang,Zhaoyuan
Heilongjiang,Acheng
Heilongjiang,Mishan
Heilongjiang,Zhaozhou
Heilongjiang,Harbin
Heilongjiang,Boli
Heilongjiang,Binzhou
Heilongjiang,Qitaihe
Heilongjiang,Hulan
Heilongjiang,Zhaodong
Heilongjiang,Bayan
Heilongjiang,Huanan
Heilongjiang,Lanxi
Heilongjiang,Yilan
Heilongjiang,Baoqing
Heilongjiang,Tailai
Heilongjiang,Anda
Heilongjiang,Xinglongzhen
Heilongjiang,Honggang
Heilongjiang,Longfeng
Heilongjiang,Lingdong
Heilongjiang,Baoshan
Heilongjiang,Saertu
Heilongjiang,Suihua
Heilongjiang,Ranghulu
Heilongjiang,Shuangyashan
Heilongjiang,Qinggang
Heilongjiang,Fuli
Heilongjiang,Fulitun
Heilongjiang,Jiamusi
Heilongjiang,Wangkui
Heilongjiang,Taikang
Heilongjiang,Qingan
Heilongjiang,Tieli
Heilongjiang,Langxiang
Heilongjiang,Nancha
Heilongjiang,Angangxi
Heilongjiang,Mingshui
Heilongjiang,Hulan Ergi
Heilongjiang,Suileng
Heilongjiang,Fujin
Heilongjiang,Longjiang
Heilongjiang,Qiqihar
Heilongjiang,Hegang
Heilongjiang,Hailun
Heilongjiang,Nianzishan
Heilongjiang,Baiquan
Heilongjiang,Yichun
Heilongjiang,Cuiluan
Heilongjiang,Fuyu
Heilongjiang,Youhao
Heilongjiang,Yian
Heilongjiang,Gannan
Heilongjiang,Keshan
Heilongjiang,Xinqing
Heilongjiang,Beian
Heilongjiang,Nehe
Heilongjiang,Nenjiang
Heilongjiang,Heihe
Heilongjiang,Tahe
Henan,Puyang
Henan,Xinyang
Henan,Huangchuan
Henan,Gushi
Henan,Minggang
Henan,Xinye
Henan,Dengzhou
Henan,Tanghe
Henan,Zhumadian
Henan,Nanyang
Henan,Liupen
Henan,Huaidian
Henan,Yunyang
Henan,Luohe
Henan,Huangzhai
Henan,Zhoukou
Henan,Dancheng
Henan,Pingdingshan
Henan,Luyang
Henan,Jishui
Henan,Xihua
Henan,Nandun
Henan,Xuanwu
Henan,Xuchang
Henan,Changying
Henan,Yuzhou
Henan,Shangqiu
Henan,Luoyang
Henan,Yima
Henan,Zhengzhou
Henan,Xiaoyi
Henan,Sanmenxia
Henan,Kaifeng
Henan,Xixiang
Henan,Jiaozuo
Henan,Xinxiang
Henan,Yinzhuang
Henan,Daokou
Henan,Puyang
Henan,Yigou
Henan,Hebi
Henan,Anyang
Hongkong,Saigong
Hongkong,Kuiqing
Hongkong,Xianggangdao
Hongkong,Jiulong
Hongkong,Xigong
Hongkong,Quanwan
Hongkong,Shatian
Hongkong,Zhunmen
Hongkong,Yuanlong
Hongkong,Daipo
Hongkong,Shiongshui
Hubei,Zhengchang
Hubei,Xiaoxita
Hubei,Puqi
Hubei,Shishou
Hubei,Rongcheng
Hubei,Honghu
Hubei,Baisha
Hubei,Wuxue
Hubei,Xianning
Hubei,Fengkou
Hubei,Huangmei
Hubei,Daye
Hubei,Nanhai
Hubei,Huangshi
Hubei,Caohe
Hubei,Enshi
Hubei,Buhe
Hubei,Lichuan
Hubei,Zhicheng
Hubei,Shashi
Hubei,Jingzhou
Hubei,Xiantao
Hubei,Ezhou
Hubei,Qixingtai
Hubei,Qianjiang
Hubei,Huangzhou
Hubei,Qingquan
Hubei,Zhifang
Hubei,Caidian
Hubei,Wuhan
Hubei,Hanchuan
Hubei,Duobao
Hubei,Tianmen
Hubei,Yichang
Hubei,Xinzhou
Hubei,Huangpi
Hubei,Xiaogan
Hubei,Xinpu
Hubei,Yingcheng
Hubei,Xinshi
Hubei,Xiaxindian
Hubei,Jingmen
Hubei,Yingzhong
Hubei,Macheng
Hubei,Anlu
Hubei,Hongan
Hubei,Guangshui
Hubei,Xihe
Hubei,Yicheng
Hubei,Suizhou
Hubei,Nanzhang
Hubei,Xiangfan
Hubei,Zaoyang
Hubei,Gucheng
Hubei,Laohekou
Hubei,Danjiangkou
Hubei,Shiyan
Hunan,Chenzhou
Hunan,Matian
Hunan,Yongzhou
Hunan,Leiyang
Hunan,Lengshuitan
Hunan,Qiyang
Hunan,Qidong
Hunan,Hengyang
Hunan,Shaoyang
Hunan,Hongjiang
Hunan,Anjiang
Hunan,Yongfeng
Hunan,Huaihua
Hunan,Lianyuan
Hunan,Liling
Hunan,Lengshuijiang
Hunan,Xiangxiang
Hunan,Xinhua
Hunan,Loudi
Hunan,Zhuzhou
Hunan,Xiangtan
Hunan,Changsha
Hunan,Ningxiang
Hunan,Jishou
Hunan,Yiyang
Hunan,Xiangyin
Hunan,Yuanjiang
Hunan,Changde
Hunan,Dayong
Hunan,Nanzhou
Hunan,Yueyang
Hunan,Anxiang
Hunan,Jinshi
Jiangsu,Xiaoshi
Jiangsu,Luodu
Jiangsu,Songling
Jiangsu,Mudu
Jiangsu,Suzhou
Jiangsu,Dingshu
Jiangsu,Yushan
Jiangsu,Liyang
Jiangsu,Hutang
Jiangsu,Wuxi
Jiangsu,Yushan
Jiangsu,Changzhou
Jiangsu,Huilong
Jiangsu,Yangshe
Jiangsu,Jiangyin
Jiangsu,Yunyang
Jiangsu,Xiaolingwei
Jiangsu,Jingcheng
Jiangsu,Nantong
Jiangsu,Nanjing
Jiangsu,Jinsha
Jiangsu,Taixing
Jiangsu,Zhenjiang
Jiangsu,Yizheng
Jiangsu,Juegang
Jiangsu,Liucheng
Jiangsu,Yangzhou
Jiangsu,Rucheng
Jiangsu,Jiangdu
Jiangsu,Taizhou
Jiangsu,Jiangyan
Jiangsu,Haian
Jiangsu,Gaoyou
Jiangsu,Dongtai
Jiangsu,Zhaoyang
Jiangsu,Dafeng
Jiangsu,Baoying
Jiangsu,Qinnan
Jiangsu,Yancheng
Jiangsu,Huaicheng
Jiangsu,Jianhu
Jiangsu,Huaiyin
Jiangsu,Guiren
Jiangsu,Zhongxing
Jiangsu,Hede
Jiangsu,Suicheng
Jiangsu,Sucheng
Jiangsu,Dongkan
Jiangsu,Gaogou
Jiangsu,Xuzhou
Jiangsu,Yunhe
Jiangsu,Xinan
Jiangsu,Haizhou
Jiangsu,Xinpu
Jiangsu,Fengxian
Jiangsu,Pecheng
Jiangxi,Ganzhou
Jiangxi,Jian
Jiangxi,Pingxiang
Jiangxi,Xiangdong
Jiangxi,Xinyu
Jiangxi,Fenyi
Jiangxi,Yichun
Jiangxi,Linchuan
Jiangxi,Zhangshui
Jiangxi,Jiangguang
Jiangxi,Yingtai
Jiangxi,Xiongshi
Jiangxi,Shangrao
Jiangxi,Nanchang
Jiangxi,Xinjian
Jiangxi,Poyang
Jiangxi,Jingdezhen
Jiangxi,Jiujiang
Jilin,Hongmei
Jilin,Dongchang
Jilin,Erdaojiang
Jilin,Linjiang
Jilin,Badaojiang
Jilin,Wangou
Jilin,Sanchazi
Jilin,Songjianghe
Jilin,Liuhe
Jilin,Meihekou
Jilin,Helong
Jilin,Huinan
Jilin,Dongfeng
Jilin,Chaoyang
Jilin,Longjing
Jilin,Hunchun
Jilin,Yanji
Jilin,Liaoyuan
Jilin,Panshi
Jilin,Huadian
Jilin,Tumen
Jilin,Mingyue
Jilin,Siping
Jilin,Yantongshan
Jilin,Dashitou
Jilin,Lishu
Jilin,Wangqing
Jilin,Dunhua
Jilin,Zhengjiatun
Jilin,Gongzhuling
Jilin,Shuangyang
Jilin,Huangnihe
Jilin,Baishishan
Jilin,Kouqian
Jilin,Jiaohe
Jilin,Jilin
Jilin,Changchun
Jilin,Xinglongshan
Jilin,Jiutai
Jilin,Changling
Jilin,Jishu
Jilin,Shulan
Jilin,Nongan
Jilin,Dehui
Jilin,Kaitong
Jilin,Yushu
Jilin,Qianan
Jilin,Qianguo
Jilin,Fuyu
Jilin,Taonan
Jilin,Daan
Jilin,Baicheng
Jilin,Zhenlai
Liaoning,Lushunkou
Liaoning,Dalian
Liaoning,Dalianwan
Liaoning,Jinzhou
Liaoning,Pulandian
Liaoning,Wafangdian
Liaoning,Zhuanghe
Liaoning,Langtou
Liaoning,Dandong
Liaoning,Xiuyan
Liaoning,Xiongyue
Liaoning,Fengcheng
Liaoning,Xingcheng
Liaoning,Dashiqiao
Liaoning,Yingkou
Liaoning,Kuandian
Liaoning,Jinxi
Liaoning,Haicheng
Liaoning,Nantai
Liaoning,Jiupu
Liaoning,Jinzhou
Liaoning,Anshan
Liaoning,Nanpiao
Liaoning,Liuerbao
Liaoning,Dalinghe
Liaoning,Panjin
Liaoning,Lingyuan
Liaoning,Huanren
Liaoning,Liaoyang
Liaoning,Xiaoshi
Liaoning,Benxi
Liaoning,Yebaishou
Liaoning,Liaozhong
Liaoning,Chaoyang
Liaoning,Sujiatun
Liaoning,Heishan
Liaoning,Shenyang
Liaoning,Beipiao
Liaoning,Yuhong
Liaoning,Dongling
Liaoning,Fushun
Liaoning,Hushitai
Liaoning,Xinmin
Liaoning,Fuxin
Liaoning,Xinchengxi
Liaoning,Fuxin
Liaoning,Tieling
Liaoning,Kaiyuan
Liaoning,Xifeng
Liaoning,Changtu
Neimenggu,Hainan
Neimenggu,Wuda
Neimenggu,Haibowan
Neimenggu,Dongsheng
Neimenggu,Fengzhen
Neimenggu,Saliqi
Neimenggu,Baotou
Neimenggu,Shiguaikuang
Neimenggu,Hohhot
Neimenggu,Linhe
Neimenggu,Jining
Neimenggu,Pingzhuang
Neimenggu,Mujiayingzi
Neimenggu,Chifeng
Neimenggu,Tongliao
Neimenggu,Erenhot
Neimenggu,Xilinhaote
Neimenggu,Wulanhaote
Neimenggu,Zalantun
Neimenggu,Hailar
Neimenggu,Yakeshi
Neimenggu,Zhalainuoer
Neimenggu,Manzhouli
Neimenggu,Dayan
Neimenggu,Jiagedagi
Neimenggu,Alihe
Neimenggu,Genhe
Ningxia,Yinchuan
Ningxia,Dawukou
Ningxia,Shizuishan
Ningxia,Shitanjing
Qinghai,Xining
Qinghai,Qiatou
Schanghai,Shanghai
Shaanxi,Ankang
Shaanxi,Hanzhong
Shaanxi,Yuxia
Shaanxi,Xian
Shaanxi,Qili
Shaanxi,Guozhen
Shaanxi,Xianyang
Shaanxi,Lishan
Shaanxi,Baoji
Shaanxi,Weinan
Shaanxi,Yanliang
Shaanxi,Tongchuan
Shaanxi,Hancheng
Shaanxi,Yanan
Shaanxi,Yulin
Shandong,Zicheng
Shandong,Zhangjiawa
Shandong,Shengzhuang
Shandong,Nanchou
Shandong,Kunlun
Shandong,Tancheng
Shandong,Shancheng
Shandong,Caocheng
Shandong,Xiazhen
Shandong,Bianzhuang
Shandong,Taozhuang
Shandong,Zaozhuang
Shandong,Linshu
Shandong,Yucheng
Shandong,Dingtao
Shandong,Yangshan
Shandong,Linyi
Shandong,Tengzhou
Shandong,Shanting
Shandong,Shizilu
Shandong,Heze
Shandong,Feicheng
Shandong,Juye
Shandong,Jining
Shandong,Zouxian
Shandong,Rizhao
Shandong,Pingyi
Shandong,Yanzhou
Shandong,Jiehu
Shandong,Juxian
Shandong,Qufu
Shandong,Yuncheng
Shandong,Sishui
Shandong,Mengyin
Shandong,Wenshang
Shandong,Ningyang
Shandong,Yishui
Shandong,Dongdu
Shandong,Jiaonan
Shandong,Xintai
Shandong,Zhoucheng
Shandong,Zhucheng
Shandong,Qingdao
Shandong,Yanggu
Shandong,Licung
Shandong,Nanma
Shandong,Taian
Shandong,Laiwu
Shandong,Shenxian
Shandong,Xincheng
Shandong,Pingyin
Shandong,Jiaozhou
Shandong,Jimo
Shandong,Gaomi
Shandong,Liaocheng
Shandong,Anqiu
Shandong,Boshan
Shandong,Linqu
Shandong,Changqing
Shandong,Jinan
Shandong,Yidu
Shandong,Mingshui
Shandong,Weifang
Shandong,Nanding
Shandong,Hanting
Shandong,Dongcun
Shandong,Pingdu
Shandong,Zhoucun
Shandong,Zhangdian
Shandong,Xindian
Shandong,Linqing
Shandong,Shuiji
Shandong,Shouguang
Shandong,Zhuwang
Shandong,Suozhen
Shandong,Laiyang
Shandong,Laizhou
Shandong,Yatou
Shandong,Wencheng
Shandong,Qixia
Shandong,Zhaocheng
Shandong,Binzhou
Shandong,Ninghai
Shandong,Dezhou
Shandong,Dongying
Shandong,Fushan
Shandong,Weihai
Shandong,Yantai
Shandong,Hekou
Shandong,Longkou
Shandong,Dengzhou
Shanxi,Yuncheng
Shanxi,Changzhi
Shanxi,Jincheng
Shanxi,Houma
Shanxi,Linfen
Shanxi,Xinzhi
Shanxi,Jiexiu
Shanxi,Yuci
Shanxi,Taiyuan
Shanxi,Yangquan
Shanxi,Xinzhou
Shanxi,Yuanping
Shanxi,Datong
Sichuan,Panzhihua
Sichuan,Xichang
Sichuan,Xunchang
Sichuan,Yibin
Sichuan,Luzhou
Sichuan,Luocheng
Sichuan,Zigong
Sichuan,Daan
Sichuan,Leshan
Sichuan,Neijiang
Sichuan,Zhonglong
Sichuan,Yaan
Sichuan,Ziyang
Sichuan,Anju
Sichuan,Linqiong
Sichuan,Jiancheng
Sichuan,Suining
Sichuan,Huayang
Sichuan,Chengdu
Sichuan,Nanchong
Sichuan,Guihu
Sichuan,Taihe
Sichuan,Dawan
Sichuan,Tianpeng
Sichuan,Guangkou
Sichuan,Tongchuan
Sichuan,Deyang
Sichuan,Daxian
Sichuan,Nanlong
Sichuan,Mianyang
Sichuan,Baoning
Sichuan,Jiangyou
Sichuan,Guangyuan
Tianjin,Gangdong
Tianjin,Xianshuigu
Tianjin,Tanggu
Tianjin,Yangliuqing
Tianjin,Tianjin
Tianjin,Hangu
Tianjin,Yangcun
Xinjiang,Hetian
Xinjiang,Shache
Xinjiang,Kashi
Xinjiang,Aksu
Xinjiang,Kuche
Xinjiang,Korla
Xinjiang,Hami
Xinjiang,Urumqi
Xinjiang,Yining
Xinjiang,Toutunhe
Xinjiang,Changji
Xinjiang,Shihezi
Xinjiang,Kuytun
Xinjiang,Karamay
Xinjiang,Baijiantan
Xinjiang,Altay
Xizang,Lasa
Yunnan,Zhuocheng
Yunnan,Heilin
Yunnan,Yunjinghong
Yunnan,Simao
Yunnan,Mabai
Yunnan,Kaihua
Yunnan,Gejiu
Yunnan,Kaiyuan
Yunnan,Zhoucheng
Yunnan,Miyang
Yunnan,Zhongshu
Yunnan,Longquan
Yunnan,Haikou
Yunnan,Lianran
Yunnan,Lucheng
Yunnan,Majie
Yunnan,Kunming
Yunnan,Jinma
Yunnan,Qujing
Yunnan,Dali
Yunnan,Rongcheng
Yunnan,Zhenhai
Yunnan,Zhaotong
Yunnan,Wufeng
Zhejiang,Jinxiang
Zhejiang,Aojiang
Zhejiang,Kunyang
Zhejiang,Ruian
Zhejiang,Wenzhou
Zhejiang,Wenling
Zhejiang,Lishui
Zhejiang,Luqiao
Zhejiang,Huangyan
Zhejiang,Jiaojiang
Zhejiang,Hushan
Zhejiang,Linhai
Zhejiang,Xianju
Zhejiang,Quzhou
Zhejiang,Jinhua
Zhejiang,Lanxi
Zhejiang,Wuning
Zhejiang,Ninghai
Zhejiang,Choucheng
Zhejiang,Daqiao
Zhejiang,Zhuji
Zhejiang,Ningbo
Zhejiang,Zhenhai
Zhejiang,Shenjiamen
Zhejiang,Shaoxing
Zhejiang,Dinghai
Zhejiang,Yuyao
Zhejiang,Fuyang
Zhejiang,Xiaoshan
Zhejiang,Xushan
Zhejiang,Hangzhou
Zhejiang,Linping
Zhejiang,Xiashi
Zhejiang,Deqing
Zhejiang,Jiaxing
Zhejiang,Huzhou
Zhejiang,Zhicheng
Hong Kong,Hong Kong
Shanghai,Shanghai
Peking,Peking
